Predicted Class,Observed Class
A,A
A,A
A,A
A,A
A,A
A,A
A,A
A,A
A,A
A,A
A,A
A,A
A,A
A,A
A,A
A,A
A,A
A,A
A,A
A,A
A,A
A,A
A,A
A,A
A,A
A,A
A,A
A,A
A,A
A,A
A,A
A,A
A,A
A,A
A,A
A,A
A,A
A,A
A,A
A,A
A,A
A,A
A,A
A,A
A,A
A,A
A,A
A,A
A,A
A,A
A,A
A,A
A,A
A,A
A,A
A,A
A,A
A,A
A,A
A,A
A,A
A,A
A,A
A,A
A,A
A,A
A,A
A,A
A,A
A,A
A,A
A,A
A,A
A,A
A,A
A,A
A,A
A,A
A,A
A,A
A,A
A,A
A,A
A,A
A,A
A,A
A,A
A,A
A,A
A,A
A,A
A,A
A,A
A,A
A,A
A,A
A,A
A,A
A,A
A,A
A,A
A,A
A,A
A,A
A,A
A,A
A,A
A,A
A,A
A,A
A,A
A,A
A,A
A,A
A,A
A,A
A,A
A,A
A,A
A,A
A,A
A,A
A,A
A,A
A,A
A,A
A,A
A,A
A,A
A,A
A,A
A,A
A,A
A,A
A,A
A,A
A,A
A,A
A,A
A,A
A,A
A,A
A,A
A,A
A,A
A,A
A,A
A,A
A,A
A,A
A,A
A,A
A,A
A,A
A,A
A,A
A,A
A,A
A,A
A,A
A,A
A,A
A,A
A,A
A,A
A,A
A,A
A,A
A,A
A,A
A,A
A,A
A,A
A,A
A,A
A,A
A,A
A,A
A,A
A,A
A,A
A,A
A,A
A,A
A,A
A,A
A,A
A,A
A,A
A,A
A,A
A,A
A,A
A,A
A,A
A,A
A,A
A,A
A,A
A,A
A,A
A,A
A,A
A,A
A,A
A,A
A,A
A,A
A,A
A,A
A,A
A,A
A,A
A,A
A,A
A,A
A,A
A,A
A,A
A,A
A,A
A,A
A,A
A,A
A,A
A,A
A,A
A,A
A,A
A,A
A,A
A,A
A,A
A,A
A,A
A,A
A,A
A,A
A,A
A,A
A,A
A,A
A,A
A,A
A,A
A,A
A,A
A,A
A,A
A,A
A,A
A,A
A,A
A,A
A,A
A,A
A,A
A,A
A,A
A,A
A,A
A,A
A,A
A,A
A,A
A,A
A,A
A,A
A,A
A,A
A,A
A,A
A,A
A,A
A,A
A,A
A,A
A,A
A,A
A,A
A,A
A,A
A,A
A,A
A,A
A,A
A,A
A,A
A,A
A,A
A,A
A,A
A,A
A,A
A,A
A,A
A,A
A,A
A,A
A,A
A,A
A,A
A,A
A,A
A,A
A,A
A,A
A,A
A,A
A,A
A,A
A,A
A,A
A,A
A,A
A,A
A,A
A,A
A,A
A,A
A,A
A,A
A,A
A,A
A,A
A,A
A,A
A,A
A,A
A,A
A,A
A,A
A,A
A,A
A,A
A,A
A,A
A,A
A,A
A,A
A,A
A,A
A,A
A,A
A,A
A,A
A,A
A,A
A,A
A,A
A,A
A,A
A,A
A,A
A,A
A,A
A,A
A,A
A,A
A,A
A,A
A,A
A,A
A,A
A,A
A,A
A,A
A,A
A,A
A,A
A,A
A,A
A,A
A,A
A,A
A,A
A,A
A,A
A,A
A,A
B,A
A,A
A,A
A,A
A,A
A,A
A,A
A,A
A,A
A,A
A,A
A,A
A,A
A,A
A,A
A,A
A,A
A,A
A,A
B,A
A,A
A,A
A,A
A,A
A,A
A,A
A,A
A,A
A,A
A,A
A,A
A,A
A,A
A,A
A,A
A,A
A,A
A,A
A,A
A,A
A,A
A,A
A,A
A,A
A,A
A,A
A,A
A,A
A,A
A,A
A,A
A,A
A,A
A,A
A,A
A,A
A,A
A,A
A,A
A,A
A,A
A,A
B,A
B,A
B,A
B,A
A,A
A,A
A,A
A,A
A,A
A,A
A,A
A,A
A,A
A,A
A,A
A,A
A,A
A,A
A,A
A,A
A,A
A,A
B,A
B,A
A,A
A,A
A,A
A,A
A,A
A,A
A,A
A,A
A,A
A,A
A,A
A,A
A,A
A,A
A,A
A,A
A,A
A,A
A,A
A,A
A,A
A,A
A,A
A,A
A,A
A,A
A,A
A,A
A,A
A,A
A,A
A,A
A,A
A,A
A,A
A,A
B,A
B,A
B,A
B,A
A,A
A,A
A,A
A,A
A,A
A,A
A,A
A,A
A,A
A,A
A,A
A,A
A,A
A,A
A,A
A,A
A,A
A,A
A,A
A,A
A,A
A,A
A,A
A,A
A,A
A,A
A,A
A,A
A,A
A,A
A,A
B,A
B,A
B,A
A,A
A,A
A,A
A,A
A,A
A,A
A,A
A,A
A,A
A,A
A,A
A,A
A,A
A,A
A,A
A,A
B,A
B,A
B,A
B,A
A,A
A,A
A,A
A,A
A,A
A,A
A,A
A,A
A,A
A,A
A,A
A,A
A,A
A,A
A,A
A,A
A,A
A,A
A,A
A,A
A,A
A,A
A,A
A,A
A,A
A,A
A,A
A,A
B,A
B,A
B,A
B,A
A,A
A,A
A,A
A,A
A,A
A,A
A,A
A,A
A,A
A,A
A,A
A,A
A,A
A,A
A,A
A,A
A,A
A,A
A,A
A,A
B,A
B,A
B,A
B,A
B,A
B,A
B,A
B,A
B,A
B,A
B,A
B,A
A,A
A,A
A,A
A,A
A,A
A,A
A,A
A,A
A,A
A,A
A,A
A,A
A,A
A,A
A,A
B,A
B,A
B,A
B,A
B,A
B,A
B,A
B,A
B,A
B,A
B,A
B,A
B,A
B,A
B,A
B,A
B,A
B,A
B,A
B,A
B,A
B,A
B,A
B,A
B,A
B,A
B,A
B,A
B,A
B,A
B,A
B,A
B,A
B,A
B,A
B,A
B,A
B,A
B,A
A,A
A,A
A,A
A,A
A,A
A,A
A,A
A,A
A,A
A,A
A,A
A,A
A,A
A,A
A,A
A,A
A,A
A,A
A,A
A,A
A,A
A,A
A,A
A,A
A,A
A,A
A,A
A,A
A,A
A,A
A,A
A,A
A,A
A,A
A,A
A,A
A,A
A,A
A,A
A,A
A,A
A,A
A,A
A,A
A,A
A,A
A,A
A,A
A,A
A,A
A,A
A,A
A,A
A,A
A,A
A,A
A,A
A,A
A,A
A,A
A,A
A,A
A,A
A,A
A,A
A,A
A,A
A,A
A,A
A,A
A,A
A,A
A,A
A,A
A,A
A,A
A,A
A,A
A,A
A,A
A,A
A,A
A,A
A,A
A,A
A,A
A,A
A,A
A,A
A,A
A,A
A,A
A,A
A,A
A,A
A,A
A,A
A,A
A,A
A,A
A,A
A,A
A,A
A,A
A,A
A,A
A,A
A,A
A,A
A,A
A,A
A,A
A,A
A,A
A,A
A,A
A,A
A,A
A,A
A,A
A,A
A,A
A,A
A,A
A,A
A,A
A,A
A,A
A,A
A,A
A,A
A,A
A,A
A,A
A,A
A,A
A,A
A,A
A,A
A,A
A,A
A,A
A,A
A,A
A,A
A,A
A,A
A,A
A,A
A,A
A,A
A,A
A,A
A,A
A,A
A,A
A,A
A,A
A,A
A,A
A,A
A,A
A,A
A,A
A,A
A,A
A,A
A,A
A,A
A,A
A,A
A,A
A,A
A,A
A,A
A,A
A,A
A,A
A,A
A,A
A,A
A,A
A,A
A,A
A,A
A,A
A,A
A,A
A,A
A,A
A,A
A,A
A,A
A,A
A,A
A,A
A,A
A,A
A,A
A,A
A,A
A,A
A,A
A,A
A,A
A,A
A,A
A,A
A,A
A,A
A,A
A,A
A,A
A,A
A,A
A,A
A,A
A,A
A,A
A,A
A,A
A,A
A,A
A,A
A,A
A,A
A,A
A,A
A,A
A,A
A,A
A,A
A,A
A,A
A,A
A,A
A,A
A,A
A,A
A,A
A,A
A,A
A,A
A,A
A,A
A,A
A,A
A,A
A,A
A,A
A,A
A,A
A,A
A,A
A,A
A,A
A,A
A,A
A,A
A,A
A,A
A,A
A,A
A,A
A,A
A,A
A,A
A,A
A,A
A,A
A,A
A,A
A,A
A,A
A,A
A,A
A,A
A,A
A,A
A,A
A,A
A,A
A,A
A,A
A,A
A,A
A,A
A,A
A,A
A,A
A,A
A,A
A,A
A,A
A,A
A,A
A,A
A,A
A,A
A,A
A,A
A,A
A,A
A,A
A,A
A,A
A,A
A,A
A,A
A,A
A,A
A,A
A,A
A,A
A,A
A,A
A,A
A,A
A,A
A,A
A,A
A,A
A,A
A,A
A,A
A,A
A,A
A,A
A,A
A,A
A,A
A,A
A,A
A,A
A,A
A,A
A,A
A,A
A,A
A,A
A,A
A,A
A,A
A,A
A,A
A,A
A,A
A,A
A,A
A,A
A,A
A,A
A,A
A,A
A,A
A,A
A,A
A,A
A,A
A,A
A,A
A,A
A,A
A,A
A,A
A,A
A,A
A,A
A,A
A,A
A,A
A,A
A,A
A,A
A,A
A,A
A,A
A,A
A,A
A,A
A,A
A,A
A,A
A,A
A,A
A,A
A,A
A,A
A,A
A,A
E,A
E,A
E,A
E,A
E,A
E,A
E,A
E,A
E,A
E,A
E,A
E,A
E,A
E,A
A,A
A,A
A,A
A,A
A,A
A,A
A,A
A,A
A,A
A,A
A,A
A,A
A,A
A,A
A,A
A,A
A,A
A,A
A,A
A,A
A,A
A,A
A,A
A,A
A,A
A,A
A,A
A,A
A,A
A,A
A,A
A,A
A,A
A,A
A,A
A,A
A,A
A,A
A,A
A,A
A,A
A,A
A,A
A,A
A,A
A,A
A,A
A,A
A,A
A,A
A,A
A,A
A,A
A,A
A,A
A,A
A,A
A,A
A,A
A,A
A,A
A,A
A,A
A,A
A,A
A,A
A,A
A,A
A,A
A,A
A,A
A,A
A,A
A,A
A,A
A,A
A,A
A,A
A,A
A,A
A,A
A,A
A,A
A,A
A,A
A,A
A,A
A,A
A,A
A,A
A,A
A,A
A,A
A,A
A,A
A,A
A,A
A,A
A,A
A,A
A,A
A,A
A,A
A,A
A,A
A,A
A,A
A,A
A,A
A,A
A,A
A,A
A,A
A,A
A,A
A,A
A,A
A,A
A,A
A,A
A,A
A,A
A,A
A,A
A,A
A,A
A,A
A,A
A,A
A,A
A,A
A,A
A,A
A,A
A,A
A,A
A,A
A,A
A,A
A,A
A,A
A,A
A,A
A,A
A,A
A,A
A,A
A,A
A,A
A,A
A,A
A,A
A,A
A,A
A,A
A,A
A,A
A,A
A,A
A,A
A,A
A,A
A,A
A,A
A,A
A,A
A,A
A,A
A,A
A,A
A,A
A,A
A,A
A,A
A,A
A,A
A,A
A,A
A,A
A,A
A,A
A,A
A,A
A,A
A,A
A,A
A,A
A,A
A,A
A,A
A,A
A,A
A,A
A,A
A,A
A,A
A,A
A,A
A,A
A,A
A,A
A,A
A,A
A,A
A,A
A,A
A,A
A,A
A,A
A,A
A,A
A,A
A,A
A,A
A,A
A,A
A,A
A,A
A,A
A,A
A,A
A,A
A,A
A,A
A,A
A,A
A,A
A,A
A,A
A,A
A,A
A,A
A,A
A,A
A,A
A,A
A,A
A,A
A,A
A,A
A,A
A,A
A,A
A,A
A,A
A,A
A,A
A,A
A,A
A,A
A,A
A,A
A,A
A,A
A,A
A,A
A,A
A,A
A,A
A,A
A,A
A,A
A,A
A,A
A,A
A,A
A,A
A,A
A,A
A,A
A,A
A,A
A,A
A,A
A,A
A,A
A,A
A,A
A,A
A,A
A,A
A,A
A,A
A,A
A,A
A,A
A,A
A,A
A,A
A,A
A,A
A,A
A,A
A,A
A,A
A,A
A,A
A,A
A,A
A,A
A,A
A,A
A,A
A,A
A,A
A,A
A,A
A,A
A,A
A,A
A,A
A,A
A,A
A,A
A,A
A,A
A,A
A,A
A,A
A,A
A,A
A,A
A,A
A,A
A,A
A,A
A,A
A,A
A,A
A,A
A,A
A,A
A,A
A,A
A,A
A,A
A,A
A,A
A,A
A,A
A,A
A,A
A,A
A,A
A,A
A,A
A,A
A,A
A,A
A,A
A,A
A,A
A,A
A,A
A,A
A,A
A,A
A,A
A,A
A,A
A,A
A,A
A,A
A,A
A,A
A,A
A,A
A,A
A,A
A,A
A,A
A,A
A,A
A,A
A,A
A,A
A,A
A,A
A,A
A,A
A,A
A,A
A,A
A,A
A,A
A,A
A,A
A,A
A,A
A,A
A,A
A,A
A,A
A,A
A,A
A,A
A,A
A,A
A,A
A,A
A,A
A,A
A,A
A,A
A,A
A,A
A,A
A,A
A,A
A,A
A,A
A,A
A,A
A,A
A,A
A,A
A,A
A,A
A,A
A,A
A,A
A,A
A,A
A,A
A,A
A,A
A,A
A,A
A,A
A,A
A,A
A,A
A,A
A,A
A,A
A,A
A,A
A,A
A,A
A,A
A,A
A,A
A,A
A,A
A,A
A,A
A,A
A,A
A,A
A,A
A,A
A,A
A,A
A,A
A,A
A,A
A,A
A,A
A,A
A,A
A,A
A,A
A,A
A,A
A,A
A,A
A,A
A,A
A,A
A,A
A,A
A,A
A,A
A,A
A,A
A,A
A,A
A,A
A,A
A,A
A,A
A,A
A,A
A,A
A,A
A,A
A,A
A,A
A,A
A,A
A,A
A,A
A,A
A,A
A,A
A,A
A,A
A,A
A,A
A,A
A,A
A,A
A,A
A,A
A,A
A,A
A,A
A,A
A,A
A,A
A,A
A,A
A,A
A,A
A,A
A,A
A,A
A,A
A,A
A,A
A,A
A,A
A,A
A,A
A,A
A,A
A,A
A,A
A,A
A,A
A,A
A,A
A,A
A,A
A,A
A,A
A,A
A,A
A,A
A,A
A,A
A,A
A,A
A,A
A,A
A,A
A,A
A,A
A,A
A,A
A,A
A,A
A,A
A,A
A,A
A,A
A,A
A,A
A,A
A,A
A,A
A,A
A,A
A,A
A,A
A,A
A,A
A,A
A,A
A,A
A,A
A,A
A,A
A,A
A,A
A,A
A,A
A,A
A,A
A,A
A,A
A,A
A,A
A,A
A,A
A,A
A,A
A,A
A,A
A,A
A,A
A,A
A,A
A,A
A,A
A,A
A,A
A,A
A,A
A,A
A,A
A,A
A,A
A,A
A,A
A,A
A,A
A,A
A,A
A,A
A,A
A,A
A,A
A,A
A,A
A,A
A,A
A,A
A,A
A,A
A,A
A,A
A,A
A,A
A,A
A,A
A,A
A,A
A,A
A,A
A,A
A,A
A,A
A,A
A,A
A,A
A,A
A,A
A,A
A,A
A,A
A,A
A,A
A,A
A,A
A,A
A,A
A,A
A,A
A,A
A,A
A,A
A,A
A,A
A,A
A,A
A,A
A,A
A,A
A,A
A,A
A,A
A,A
A,A
A,A
A,A
A,A
A,A
A,A
A,A
A,A
A,A
A,A
A,A
A,A
A,A
A,A
A,A
A,A
A,A
A,A
A,A
A,A
A,A
A,A
A,A
A,A
A,A
A,A
A,A
A,A
A,A
A,A
A,A
A,A
A,A
A,A
A,A
A,A
A,A
A,A
A,A
A,A
A,A
A,A
A,A
A,A
A,A
A,A
A,A
A,A
A,A
A,A
A,A
A,A
A,A
A,A
A,A
A,A
A,A
A,A
A,A
A,A
A,A
A,A
A,A
A,A
A,A
A,A
A,A
A,A
A,A
A,A
A,A
A,A
A,A
A,A
A,A
A,A
A,A
A,A
A,A
A,A
A,A
A,A
A,A
A,A
A,A
A,A
A,A
A,A
A,A
A,A
A,A
A,A
A,A
A,A
A,A
A,A
A,A
A,A
A,A
A,A
A,A
A,A
A,A
A,A
A,A
A,A
A,A
A,A
A,A
A,A
A,A
A,A
A,A
A,A
A,A
A,A
A,A
A,A
A,A
A,A
A,A
A,A
A,A
A,A
A,A
A,A
A,A
A,A
A,A
A,A
A,A
A,A
A,A
A,A
A,A
A,A
A,A
A,A
A,A
A,A
A,A
A,A
A,A
A,A
A,A
A,A
A,A
A,A
A,A
A,A
A,A
C,A
A,A
A,A
A,A
A,A
A,A
A,A
A,A
A,A
A,A
A,A
A,A
A,A
A,A
A,A
A,A
A,A
A,A
A,A
A,A
A,A
A,A
E,A
E,A
E,A
E,A
E,A
E,A
E,A
E,A
A,A
A,A
A,A
A,A
A,A
A,A
E,A
E,A
E,A
E,A
E,A
E,A
E,A
E,A
E,A
E,A
E,A
E,A
E,A
E,A
E,A
A,A
A,A
A,A
A,A
A,A
A,A
A,A
A,A
A,A
A,A
A,A
A,A
A,A
A,A
A,A
A,A
A,A
C,A
C,A
C,A
C,A
C,A
C,A
C,A
A,A
A,A
A,A
A,A
A,A
A,A
A,A
A,A
A,A
A,A
A,A
A,A
A,A
A,A
A,A
A,A
A,A
A,A
A,A
A,A
A,A
A,A
A,A
E,A
E,A
E,A
E,A
E,A
E,A
E,A
E,A
E,A
E,A
E,A
E,A
E,A
E,A
E,A
A,A
A,A
A,A
A,A
A,A
A,A
A,A
A,A
A,A
A,A
A,A
A,A
A,A
A,A
A,A
A,A
A,A
A,A
A,A
A,A
A,A
A,A
A,A
A,A
A,A
A,A
C,A
C,A
C,A
C,A
C,A
C,A
A,A
A,A
A,A
A,A
A,A
A,A
A,A
A,A
A,A
A,A
A,A
A,A
A,A
A,A
A,A
A,A
A,A
A,A
A,A
A,A
A,A
A,A
E,A
A,A
A,A
A,A
A,A
A,A
A,A
A,A
A,A
A,A
C,A
C,A
C,A
C,A
C,A
C,A
C,A
C,A
C,A
C,A
C,A
C,A
A,A
A,A
A,A
A,A
A,A
A,A
A,A
A,A
A,A
A,A
A,A
A,A
A,A
A,A
A,A
A,A
A,A
C,A
C,A
A,A
A,A
A,A
A,A
A,A
A,A
A,A
A,A
A,A
A,A
A,A
A,A
A,A
A,A
A,A
A,A
A,A
A,A
A,A
A,A
A,A
A,A
A,A
A,A
A,A
A,A
A,A
A,A
A,A
C,A
C,A
C,A
C,A
C,A
A,A
A,A
A,A
A,A
A,A
A,A
A,A
A,A
A,A
A,A
A,A
A,A
A,A
A,A
A,A
A,A
A,A
A,A
A,A
A,A
A,A
E,A
E,A
E,A
E,A
E,A
E,A
E,A
E,A
E,A
E,A
E,A
A,A
A,A
A,A
A,A
A,A
A,A
A,A
A,A
A,A
A,A
A,A
A,A
A,A
A,A
A,A
A,A
A,A
A,A
A,A
A,A
A,A
A,A
A,A
A,A
A,A
A,A
A,A
A,A
A,A
A,A
A,A
C,A
C,A
C,A
C,A
C,A
C,A
C,A
C,A
A,A
A,A
A,A
A,A
A,A
A,A
A,A
A,A
A,A
E,A
E,A
A,A
A,A
A,A
A,A
A,A
A,A
A,A
A,A
A,A
A,A
A,A
A,A
A,A
A,A
A,A
A,A
A,A
A,A
A,A
A,A
A,A
A,A
A,A
A,A
A,A
A,A
A,A
A,A
A,A
A,A
A,A
A,A
A,A
A,A
A,A
A,A
A,A
A,A
A,A
A,A
A,A
A,A
A,A
A,A
A,A
A,A
A,A
A,A
A,A
A,A
A,A
A,A
A,A
A,A
A,A
A,A
A,A
A,A
A,A
A,A
A,A
A,A
A,A
A,A
A,A
A,A
A,A
A,A
A,A
A,A
A,A
A,A
A,A
A,A
A,A
A,A
A,A
A,A
A,A
A,A
A,A
A,A
A,A
A,A
A,A
A,A
A,A
A,A
A,A
A,A
A,A
A,A
A,A
A,A
A,A
A,A
A,A
A,A
A,A
A,A
A,A
A,A
A,A
A,A
A,A
A,A
A,A
A,A
A,A
A,A
A,A
A,A
A,A
A,A
A,A
A,A
A,A
A,A
A,A
A,A
A,A
A,A
A,A
A,A
A,A
A,A
A,A
A,A
A,A
A,A
A,A
A,A
A,A
A,A
A,A
A,A
A,A
A,A
A,A
A,A
A,A
A,A
A,A
A,A
A,A
A,A
A,A
A,A
A,A
A,A
A,A
A,A
A,A
A,A
A,A
A,A
A,A
A,A
A,A
A,A
A,A
A,A
A,A
A,A
A,A
A,A
A,A
A,A
A,A
A,A
A,A
A,A
A,A
A,A
A,A
A,A
A,A
A,A
A,A
A,A
A,A
A,A
A,A
A,A
A,A
A,A
A,A
A,A
A,A
A,A
A,A
A,A
A,A
A,A
A,A
A,A
A,A
A,A
A,A
A,A
A,A
A,A
A,A
A,A
A,A
A,A
A,A
A,A
A,A
A,A
A,A
A,A
A,A
A,A
A,A
A,A
A,A
A,A
A,A
A,A
A,A
A,A
A,A
A,A
A,A
A,A
A,A
A,A
A,A
A,A
A,A
A,A
A,A
A,A
A,A
A,A
A,A
A,A
A,A
A,A
A,A
A,A
A,A
A,A
A,A
A,A
A,A
A,A
A,A
A,A
A,A
A,A
A,A
A,A
A,A
A,A
A,A
A,A
A,A
A,A
A,A
A,A
A,A
A,A
A,A
A,A
A,A
A,A
A,A
A,A
A,A
A,A
A,A
A,A
A,A
A,A
A,A
A,A
A,A
A,A
A,A
A,A
A,A
A,A
A,A
A,A
A,A
A,A
A,A
A,A
A,A
A,A
A,A
A,A
A,A
A,A
A,A
A,A
A,A
A,A
A,A
A,A
A,A
A,A
A,A
A,A
A,A
A,A
A,A
A,A
A,A
A,A
A,A
A,A
A,A
A,A
A,A
A,A
A,A
A,A
A,A
A,A
A,A
A,A
A,A
A,A
A,A
A,A
A,A
A,A
A,A
A,A
A,A
A,A
A,A
A,A
A,A
A,A
A,A
A,A
A,A
A,A
A,A
A,A
A,A
A,A
A,A
A,A
A,A
A,A
A,A
A,A
A,A
A,A
A,A
A,A
A,A
A,A
A,A
A,A
A,A
A,A
A,A
A,A
A,A
A,A
A,A
A,A
A,A
A,A
A,A
A,A
A,A
A,A
A,A
A,A
A,A
A,A
A,A
A,A
A,A
A,A
A,A
A,A
A,A
A,A
A,A
A,A
A,A
A,A
A,A
A,A
A,A
A,A
A,A
A,A
A,A
A,A
A,A
A,A
A,A
A,A
A,A
A,A
A,A
A,A
A,A
A,A
A,A
A,A
A,A
A,A
A,A
A,A
A,A
A,A
A,A
A,A
A,A
A,A
A,A
A,A
A,A
A,A
A,A
A,A
A,A
A,A
A,A
A,A
A,A
A,A
A,A
A,A
A,A
A,A
A,A
A,A
A,A
A,A
A,A
A,A
A,A
A,A
A,A
A,A
A,A
A,A
A,A
A,A
A,A
A,A
A,A
A,A
A,A
A,A
A,A
A,A
A,A
A,A
A,A
A,A
A,A
A,A
A,A
A,A
A,A
A,A
A,A
A,A
A,A
A,A
A,A
A,A
A,A
A,A
A,A
A,A
A,A
A,A
A,A
A,A
A,A
A,A
A,A
A,A
A,A
A,A
A,A
A,A
A,A
A,A
A,A
A,A
A,A
A,A
A,A
A,A
A,A
A,A
A,A
A,A
A,A
A,A
A,A
A,A
A,A
A,A
A,A
A,A
A,A
A,A
A,A
A,A
A,A
A,A
A,A
A,A
A,A
A,A
A,A
A,A
A,A
A,A
A,A
A,A
A,A
A,A
A,A
A,A
A,A
A,A
A,A
A,A
A,A
A,A
A,A
A,A
A,A
A,A
A,A
A,A
A,A
A,A
A,A
A,A
A,A
A,A
A,A
A,A
A,A
A,A
A,A
A,A
A,A
A,A
A,A
A,A
A,A
A,A
A,A
A,A
A,A
A,A
A,A
A,A
A,A
A,A
A,A
A,A
A,A
A,A
A,A
A,A
A,A
A,A
A,A
A,A
D,A
D,A
D,A
D,A
D,A
D,A
D,A
D,A
D,A
D,A
D,A
D,A
A,A
A,A
A,A
A,A
A,A
A,A
A,A
A,A
A,A
A,A
A,A
A,A
A,A
A,A
D,A
A,A
A,A
A,A
A,A
A,A
A,A
A,A
A,A
A,A
A,A
A,A
A,A
D,A
A,A
A,A
A,A
A,A
A,A
A,A
A,A
A,A
A,A
A,A
A,A
A,A
A,A
A,A
A,A
A,A
A,A
A,A
A,A
A,A
A,A
A,A
A,A
A,A
A,A
A,A
A,A
A,A
A,A
A,A
A,A
A,A
A,A
A,A
A,A
A,A
A,A
A,A
A,A
A,A
A,A
A,A
A,A
A,A
A,A
A,A
A,A
A,A
A,A
A,A
A,A
A,A
D,A
A,A
A,A
A,A
A,A
A,A
A,A
A,A
A,A
A,A
A,A
A,A
A,A
A,A
A,A
A,A
A,A
A,A
A,A
A,A
A,A
A,A
A,A
A,A
A,A
A,A
A,A
A,A
A,A
A,A
A,A
A,A
A,A
A,A
A,A
A,A
A,A
A,A
A,A
A,A
A,A
A,A
A,A
A,A
A,A
A,A
A,A
A,A
A,A
A,A
A,A
A,A
A,A
A,A
A,A
A,A
A,A
A,A
A,A
A,A
A,A
A,A
A,A
A,A
A,A
A,A
A,A
A,A
A,A
A,A
A,A
A,A
A,A
A,A
A,A
A,A
A,A
A,A
A,A
A,A
A,A
A,A
A,A
A,A
A,A
A,A
A,A
A,A
A,A
A,A
A,A
A,A
A,A
A,A
A,A
A,A
A,A
A,A
A,A
A,A
A,A
A,A
A,A
A,A
A,A
A,A
A,A
A,A
A,A
A,A
A,A
A,A
A,A
A,A
A,A
A,A
A,A
A,A
A,A
A,A
A,A
A,A
A,A
A,A
A,A
A,A
A,A
A,A
A,A
A,A
A,A
A,A
A,A
A,A
A,A
A,A
D,A
A,A
A,A
A,A
A,A
A,A
A,A
A,A
A,A
A,A
A,A
A,A
A,A
A,A
A,A
A,A
A,A
A,A
A,A
A,A
A,A
A,A
A,A
A,A
A,A
A,A
A,A
A,A
A,A
A,A
A,A
A,A
A,A
A,A
A,A
A,A
A,A
A,A
A,A
A,A
A,A
A,A
A,A
A,A
A,A
A,A
A,A
A,A
A,A
A,A
A,A
A,A
A,A
A,A
A,A
D,A
A,A
A,A
D,A
A,A
A,A
A,A
D,A
D,A
D,A
D,A
A,A
A,A
A,A
A,A
A,A
A,A
A,A
A,A
A,A
D,A
A,A
A,A
A,A
A,A
A,A
A,A
A,A
A,A
A,A
A,A
A,A
A,A
A,A
A,A
A,A
A,A
A,A
A,A
A,A
A,A
A,A
A,A
A,A
A,A
A,A
A,A
D,A
D,A
D,A
D,A
D,A
D,A
D,A
A,A
A,A
A,A
A,A
A,A
A,A
A,A
A,A
A,A
A,A
A,A
A,A
A,A
D,A
D,A
D,A
D,A
D,A
D,A
D,A
D,A
D,A
D,A
D,A
D,A
D,A
D,A
D,A
D,A
D,A
D,A
D,A
A,A
A,A
D,A
D,A
D,A
A,A
A,A
D,A
D,A
A,A
D,A
A,A
A,A
A,A
A,A
A,A
A,A
A,A
D,A
D,A
A,A
A,A
A,A
A,A
D,A
A,A
D,A
D,A
A,A
D,A
D,A
D,A
A,A
A,A
A,A
A,A
D,A
D,A
A,A
D,A
D,A
D,A
A,A
D,A
A,A
A,A
A,A
A,A
A,A
A,A
A,A
A,A
A,A
A,A
A,A
A,A
A,A
A,A
A,A
A,A
A,A
A,A
A,A
A,A
A,A
A,A
A,A
A,A
A,A
A,A
A,A
A,A
A,A
A,A
A,A
A,A
A,A
A,A
A,A
A,A
A,A
A,A
A,A
A,A
A,A
A,A
A,A
A,A
A,A
A,A
A,A
A,A
A,A
A,A
A,A
A,A
A,A
A,A
A,A
A,A
A,A
A,A
A,A
A,A
A,A
A,A
A,A
A,A
A,A
A,A
A,A
A,A
A,A
A,A
A,A
A,A
A,A
A,A
A,A
A,A
A,A
A,A
A,A
A,A
A,A
A,A
A,A
A,A
A,A
A,A
A,A
A,A
A,A
A,A
A,A
A,A
A,A
A,A
A,A
A,A
A,A
A,A
A,A
A,A
A,A
A,A
A,A
A,A
A,A
A,A
A,A
A,A
A,A
A,A
A,A
A,A
A,A
A,A
A,A
A,A
A,A
A,A
A,A
A,A
A,A
A,A
A,A
A,A
A,A
A,A
A,A
A,A
A,A
A,A
A,A
A,A
A,A
A,A
A,A
A,A
A,A
A,A
A,A
A,A
A,A
A,A
A,A
A,A
A,A
A,A
A,A
A,A
A,A
A,A
A,A
A,A
A,A
A,A
A,A
A,A
A,A
A,A
A,A
A,A
A,A
A,A
A,A
A,A
A,A
A,A
A,A
A,A
A,A
A,A
A,A
A,A
A,A
A,A
A,A
A,A
A,A
A,A
A,A
A,A
A,A
A,A
A,A
A,A
A,A
A,A
A,A
A,A
A,A
A,A
A,A
A,A
A,A
A,A
A,A
A,A
A,A
A,A
A,A
A,A
A,A
A,A
A,A
A,A
A,A
A,A
A,A
A,A
A,A
A,A
A,A
A,A
A,A
A,A
A,A
A,A
A,A
A,A
A,A
A,A
A,A
A,A
A,A
A,A
A,A
A,A
A,A
A,A
A,A
A,A
A,A
A,A
A,A
A,A
A,A
A,A
A,A
A,A
A,A
A,A
A,A
A,A
A,A
A,A
A,A
A,A
A,A
A,A
A,A
A,A
A,A
A,A
A,A
A,A
A,A
A,A
A,A
A,A
A,A
A,A
A,A
A,A
A,A
A,A
A,A
A,A
A,A
A,A
A,A
A,A
A,A
A,A
A,A
A,A
A,A
A,A
A,A
A,A
A,A
A,A
A,A
A,A
A,A
A,A
A,A
A,A
A,A
A,A
A,A
A,A
A,A
A,A
A,A
A,A
A,A
A,A
A,A
A,A
A,A
A,A
A,A
A,A
A,A
A,A
A,A
A,A
A,A
A,A
A,A
A,A
A,A
A,A
A,A
A,A
A,A
A,A
A,A
A,A
A,A
A,A
A,A
A,A
A,A
A,A
A,A
A,A
A,A
A,A
A,A
D,A
D,A
D,A
D,A
D,A
D,A
D,A
D,A
D,A
D,A
D,A
D,A
D,A
B,A
B,A
B,A
B,A
B,A
A,A
A,A
A,A
B,A
B,A
A,A
A,A
A,A
D,A
D,A
D,A
D,A
D,A
A,A
D,A
D,A
A,A
A,A
D,A
A,A
D,A
D,A
D,A
D,A
D,A
D,A
D,A
D,A
D,A
D,A
D,A
D,A
D,A
A,A
A,A
D,A
D,A
D,A
D,A
D,A
D,A
D,A
D,A
D,A
D,A
D,A
B,A
B,A
B,A
B,A
B,A
B,A
B,A
B,A
B,A
B,A
B,A
B,A
B,A
B,A
B,A
B,A
B,A
B,A
B,A
B,A
A,A
A,A
A,A
A,A
A,A
A,A
D,A
D,A
D,A
D,A
A,A
A,A
A,A
A,A
A,A
D,A
D,A
D,A
D,A
D,A
D,A
D,A
D,A
D,A
A,A
B,A
B,A
B,A
B,A
B,A
B,A
B,A
B,A
B,A
B,A
B,A
B,A
B,A
B,A
B,A
B,A
B,A
B,A
B,A
B,A
B,A
B,A
B,A
B,A
B,A
A,A
A,A
A,A
A,A
A,A
A,A
A,A
A,A
D,A
D,A
D,A
D,A
D,A
D,A
D,A
D,A
D,A
D,A
D,A
D,A
D,A
A,A
B,A
B,A
B,A
B,A
B,A
B,A
B,A
B,A
B,A
B,A
B,A
B,A
B,A
B,A
B,A
B,A
B,A
B,A
B,A
B,A
B,A
B,A
B,A
B,A
B,A
B,A
A,A
A,A
A,A
A,A
A,A
A,A
D,A
D,A
D,A
D,A
D,A
D,A
D,A
D,A
D,A
D,A
D,A
D,A
D,A
D,A
D,A
B,A
B,A
B,A
D,A
D,A
D,A
D,A
A,A
A,A
B,A
A,A
A,A
B,A
A,A
A,A
A,A
A,A
A,A
A,A
A,A
A,A
A,A
A,A
A,A
A,A
A,A
A,A
A,A
D,A
A,A
D,A
D,A
D,A
D,A
D,A
D,A
D,A
D,A
D,A
D,A
D,A
D,A
D,A
D,A
D,A
D,A
D,A
D,A
D,A
D,A
D,A
D,A
D,A
A,A
A,A
A,A
A,A
A,A
A,A
A,A
A,A
A,A
A,A
A,A
A,A
A,A
A,A
A,A
A,A
A,A
A,A
A,A
A,A
A,A
A,A
A,A
A,A
A,A
A,A
A,A
A,A
A,A
A,A
A,A
D,A
A,A
A,A
A,A
A,A
D,A
D,A
D,A
D,A
D,A
D,A
D,A
D,A
D,A
D,A
D,A
D,A
D,A
A,A
A,A
A,A
A,A
A,A
A,A
A,A
A,A
A,A
A,A
A,A
A,A
A,A
A,A
A,A
A,A
A,A
A,A
A,A
A,A
A,A
A,A
A,A
A,A
A,A
A,A
A,A
D,A
D,A
D,A
D,A
D,A
D,A
D,A
D,A
D,A
D,A
D,A
D,A
D,A
D,A
D,A
D,A
D,A
D,A
D,A
D,A
D,A
A,A
A,A
D,A
A,A
A,A
A,A
A,A
A,A
A,A
A,A
A,A
A,A
A,A
B,A
A,A
A,A
A,A
B,A
B,A
A,A
A,A
A,A
A,A
A,A
A,A
A,A
A,A
A,A
A,A
A,A
A,A
A,A
B,A
D,A
D,A
D,A
D,A
D,A
D,A
D,A
D,A
D,A
D,A
D,A
D,A
D,A
A,A
A,A
A,A
A,A
A,A
A,A
A,A
A,A
A,A
A,A
A,A
B,A
B,A
B,A
A,A
A,A
A,A
A,A
B,A
B,A
A,A
A,A
A,A
A,A
A,A
D,A
D,A
D,A
D,A
D,A
D,A
D,A
D,A
D,A
D,A
E,A
D,A
D,A
D,A
D,A
D,A
A,A
A,A
A,A
A,A
A,A
A,A
A,A
A,A
A,A
A,A
A,A
A,A
A,A
A,A
A,A
A,A
A,A
A,A
A,A
A,A
A,A
A,A
A,A
A,A
A,A
A,A
A,A
A,A
A,A
A,A
A,A
A,A
A,A
A,A
A,A
A,A
A,A
A,A
A,A
A,A
A,A
A,A
A,A
A,A
A,A
A,A
A,A
A,A
A,A
A,A
A,A
A,A
A,A
A,A
A,A
A,A
A,A
A,A
A,A
A,A
A,A
A,A
A,A
A,A
A,A
A,A
A,A
A,A
A,A
A,A
A,A
A,A
A,A
A,A
A,A
A,A
A,A
A,A
A,A
A,A
A,A
A,A
A,A
A,A
A,A
A,A
A,A
A,A
A,A
A,A
A,A
A,A
A,A
A,A
A,A
A,A
A,A
A,A
A,A
A,A
A,A
A,A
A,A
A,A
A,A
A,A
A,A
A,A
A,A
A,A
A,A
A,A
A,A
A,A
A,A
A,A
A,A
A,A
A,A
A,A
A,A
A,A
A,A
A,A
A,A
A,A
A,A
A,A
A,A
A,A
A,A
A,A
A,A
A,A
A,A
A,A
A,A
A,A
A,A
A,A
A,A
A,A
A,A
A,A
A,A
A,A
A,A
A,A
A,A
A,A
A,A
A,A
A,A
A,A
A,A
A,A
A,A
D,A
D,A
D,A
D,A
D,A
D,A
D,A
A,A
A,A
A,A
A,A
A,A
A,A
A,A
A,A
A,A
A,A
A,A
A,A
A,A
A,A
A,A
A,A
A,A
A,A
A,A
A,A
A,A
A,A
A,A
A,A
A,A
A,A
A,A
A,A
A,A
A,A
A,A
A,A
A,A
A,A
A,A
A,A
A,A
A,A
A,A
D,A
D,A
D,A
D,A
D,A
D,A
D,A
D,A
D,A
D,A
D,A
D,A
A,A
A,A
A,A
A,A
A,A
A,A
A,A
A,A
A,A
A,A
A,A
A,A
A,A
A,A
A,A
A,A
A,A
A,A
A,A
A,A
A,A
A,A
A,A
A,A
A,A
A,A
A,A
A,A
A,A
A,A
A,A
A,A
A,A
A,A
A,A
A,A
A,A
A,A
A,A
A,A
A,A
A,A
A,A
A,A
A,A
A,A
A,A
A,A
A,A
A,A
A,A
A,A
A,A
A,A
A,A
A,A
A,A
A,A
A,A
A,A
A,A
A,A
A,A
A,A
A,A
A,A
A,A
A,A
A,A
A,A
A,A
A,A
A,A
A,A
A,A
A,A
A,A
A,A
A,A
A,A
A,A
A,A
A,A
A,A
A,A
A,A
A,A
A,A
A,A
A,A
A,A
A,A
A,A
A,A
A,A
A,A
A,A
A,A
A,A
A,A
A,A
A,A
A,A
A,A
A,A
A,A
A,A
A,A
A,A
A,A
A,A
A,A
A,A
A,A
A,A
A,A
A,A
A,A
A,A
A,A
A,A
A,A
A,A
A,A
A,A
A,A
A,A
A,A
A,A
A,A
A,A
A,A
A,A
A,A
A,A
A,A
A,A
A,A
A,A
A,A
A,A
A,A
A,A
A,A
A,A
A,A
A,A
A,A
A,A
A,A
A,A
A,A
A,A
A,A
A,A
A,A
A,A
A,A
A,A
A,A
A,A
A,A
A,A
A,A
A,A
A,A
A,A
A,A
A,A
A,A
A,A
A,A
A,A
A,A
A,A
A,A
A,A
A,A
A,A
A,A
A,A
A,A
A,A
A,A
A,A
A,A
A,A
A,A
A,A
A,A
A,A
A,A
A,A
A,A
A,A
A,A
A,A
A,A
A,A
A,A
A,A
A,A
A,A
A,A
A,A
A,A
A,A
A,A
A,A
A,A
A,A
A,A
A,A
A,A
A,A
A,A
A,A
A,A
A,A
A,A
A,A
A,A
A,A
A,A
A,A
A,A
A,A
A,A
A,A
A,A
A,A
A,A
A,A
A,A
A,A
A,A
A,A
A,A
A,A
A,A
A,A
A,A
A,A
A,A
A,A
A,A
A,A
A,A
A,A
A,A
A,A
A,A
A,A
A,A
A,A
A,A
A,A
A,A
A,A
A,A
A,A
A,A
A,A
A,A
A,A
A,A
A,A
A,A
A,A
A,A
A,A
A,A
A,A
A,A
A,A
A,A
A,A
A,A
A,A
A,A
A,A
A,A
A,A
A,A
A,A
A,A
A,A
A,A
A,A
A,A
A,A
A,A
A,A
A,A
A,A
A,A
A,A
A,A
A,A
A,A
A,A
A,A
A,A
A,A
A,A
A,A
A,A
A,A
A,A
A,A
A,A
A,A
A,A
A,A
A,A
A,A
A,A
A,A
A,A
A,A
A,A
A,A
A,A
A,A
A,A
A,A
A,A
A,A
A,A
A,A
A,A
A,A
A,A
A,A
A,A
A,A
A,A
A,A
A,A
A,A
A,A
A,A
A,A
A,A
A,A
A,A
A,A
A,A
A,A
A,A
A,A
A,A
A,A
A,A
A,A
A,A
A,A
A,A
A,A
A,A
A,A
A,A
A,A
A,A
A,A
A,A
A,A
A,A
A,A
A,A
A,A
A,A
A,A
A,A
A,A
A,A
A,A
A,A
A,A
A,A
A,A
A,A
A,A
A,A
A,A
A,A
A,A
A,A
A,A
A,A
A,A
A,A
A,A
A,A
A,A
A,A
A,A
A,A
A,A
A,A
A,A
A,A
A,A
A,A
A,A
A,A
A,A
A,A
A,A
A,A
A,A
A,A
A,A
A,A
A,A
A,A
A,A
A,A
A,A
A,A
A,A
A,A
A,A
A,A
A,A
A,A
A,A
A,A
A,A
A,A
A,A
A,A
A,A
A,A
A,A
A,A
A,A
A,A
A,A
A,A
A,A
A,A
A,A
A,A
A,A
A,A
A,A
A,A
A,A
A,A
A,A
A,A
A,A
A,A
A,A
A,A
A,A
A,A
A,A
A,A
A,A
A,A
A,A
A,A
A,A
A,A
A,A
A,A
A,A
A,A
A,A
A,A
A,A
A,A
A,A
A,A
A,A
A,A
A,A
A,A
A,A
A,A
A,A
A,A
A,A
A,A
A,A
A,A
A,A
A,A
A,A
A,A
A,A
A,A
A,A
A,A
A,A
A,A
A,A
A,A
A,A
A,A
A,A
A,A
A,A
A,A
A,A
A,A
A,A
A,A
A,A
A,A
A,A
A,A
A,A
A,A
A,A
A,A
A,A
A,A
A,A
A,A
A,A
A,A
A,A
A,A
A,A
A,A
A,A
A,A
A,A
A,A
A,A
A,A
A,A
A,A
A,A
A,A
A,A
A,A
A,A
A,A
A,A
A,A
A,A
A,A
A,A
A,A
A,A
A,A
A,A
A,A
A,A
A,A
A,A
A,A
A,A
A,A
A,A
A,A
A,A
A,A
A,A
A,A
A,A
A,A
A,A
A,A
A,A
A,A
A,A
A,A
A,A
A,A
A,A
A,A
A,A
A,A
A,A
A,A
A,A
A,A
A,A
A,A
A,A
A,A
A,A
A,A
A,A
A,A
A,A
A,A
A,A
A,A
A,A
A,A
A,A
A,A
A,A
A,A
A,A
A,A
A,A
A,A
A,A
A,A
A,A
A,A
A,A
A,A
A,A
A,A
A,A
A,A
A,A
A,A
A,A
A,A
A,A
A,A
A,A
A,A
A,A
A,A
A,A
A,A
A,A
A,A
A,A
A,A
A,A
A,A
A,A
A,A
A,A
A,A
A,A
A,A
A,A
A,A
A,A
A,A
A,A
A,A
A,A
A,A
A,A
A,A
A,A
A,A
A,A
A,A
A,A
A,A
A,A
A,A
A,A
A,A
A,A
A,A
A,A
A,A
A,A
A,A
A,A
A,A
A,A
A,A
A,A
A,A
A,A
A,A
A,A
A,A
A,A
A,A
A,A
A,A
A,A
A,A
A,A
A,A
A,A
A,A
A,A
A,A
A,A
A,A
A,A
A,A
A,A
A,A
A,A
A,A
A,A
A,A
A,A
A,A
A,A
A,A
A,A
A,A
A,A
A,A
A,A
A,A
A,A
A,A
A,A
A,A
A,A
A,A
A,A
A,A
A,A
A,A
A,A
A,A
A,A
A,A
A,A
A,A
A,A
A,A
A,A
A,A
A,A
A,A
A,A
A,A
A,A
A,A
A,A
A,A
A,A
A,A
A,A
A,A
A,A
A,A
A,A
A,A
A,A
A,A
A,A
A,A
A,A
A,A
A,A
A,A
A,A
A,A
A,A
A,A
A,A
A,A
A,A
A,A
A,A
A,A
A,A
A,A
A,A
A,A
A,A
A,A
A,A
A,A
A,A
A,A
A,A
A,A
A,A
A,A
A,A
A,A
A,A
A,A
A,A
A,A
A,A
A,A
A,A
A,A
A,A
A,A
A,A
A,A
A,A
A,A
A,A
A,A
A,A
A,A
A,A
A,A
A,A
A,A
A,A
A,A
A,A
A,A
A,A
A,A
A,A
A,A
A,A
A,A
A,A
A,A
A,A
A,A
A,A
A,A
A,A
A,A
A,A
A,A
A,A
A,A
A,A
A,A
A,A
A,A
A,A
A,A
A,A
A,A
A,A
A,A
A,A
A,A
A,A
A,A
A,A
A,A
A,A
A,A
A,A
A,A
A,A
A,A
A,A
A,A
A,A
A,A
A,A
A,A
A,A
A,A
A,A
A,A
A,A
A,A
A,A
A,A
A,A
A,A
A,A
A,A
A,A
A,A
A,A
A,A
A,A
A,A
A,A
A,A
A,A
A,A
A,A
A,A
A,A
A,A
A,A
A,A
A,A
A,A
A,A
A,A
A,A
A,A
A,A
A,A
A,A
A,A
A,A
A,A
A,A
A,A
A,A
A,A
A,A
A,A
A,A
A,A
A,A
A,A
A,A
A,A
A,A
A,A
A,A
A,A
A,A
A,A
A,A
A,A
A,A
A,A
A,A
A,A
A,A
A,A
A,A
A,A
A,A
A,A
A,A
A,A
A,A
A,A
A,A
A,A
A,A
A,A
A,A
A,A
A,A
A,A
A,A
A,A
A,A
A,A
A,A
A,A
A,A
A,A
A,A
A,A
A,A
A,A
A,A
A,A
A,A
A,A
A,A
A,A
A,A
A,A
A,A
A,A
A,A
A,A
A,A
A,A
A,A
A,A
A,A
A,A
A,A
A,A
A,A
A,A
A,A
A,A
A,A
A,A
A,A
A,A
A,A
A,A
A,A
A,A
A,A
A,A
A,A
A,A
A,A
A,A
A,A
A,A
A,A
A,A
A,A
A,A
A,A
A,A
A,A
A,A
A,A
A,A
A,A
A,A
A,A
A,A
A,A
A,A
A,A
A,A
A,A
A,A
A,A
A,A
A,A
A,A
A,A
A,A
A,A
A,A
A,A
A,A
A,A
A,A
A,A
A,A
A,A
A,A
A,A
A,A
A,A
A,A
A,A
A,A
A,A
A,A
A,A
A,A
A,A
A,A
A,A
E,A
E,A
E,A
E,A
E,A
E,A
E,A
E,A
E,A
A,A
A,A
A,A
A,A
A,A
C,A
D,A
D,A
D,A
D,A
D,A
D,A
D,A
D,A
D,A
D,A
D,A
D,A
D,A
D,A
D,A
D,A
D,A
D,A
D,A
D,A
D,A
D,A
D,A
D,A
A,A
A,A
A,A
A,A
A,A
A,A
A,A
A,A
A,A
A,A
A,A
A,A
A,A
A,A
A,A
A,A
A,A
A,A
A,A
A,A
C,A
C,A
E,A
A,A
A,A
A,A
A,A
A,A
A,A
A,A
A,A
A,A
A,A
A,A
A,A
A,A
A,A
A,A
A,A
A,A
A,A
A,A
A,A
A,A
A,A
A,A
A,A
A,A
A,A
D,A
D,A
D,A
D,A
D,A
D,A
D,A
D,A
A,A
A,A
A,A
A,A
A,A
A,A
A,A
A,A
A,A
A,A
A,A
A,A
A,A
A,A
A,A
A,A
A,A
A,A
A,A
A,A
A,A
A,A
A,A
A,A
A,A
A,A
A,A
A,A
A,A
A,A
A,A
A,A
A,A
A,A
A,A
A,A
A,A
A,A
A,A
A,A
A,A
A,A
A,A
A,A
A,A
A,A
A,A
A,A
A,A
A,A
D,A
A,A
A,A
A,A
A,A
A,A
A,A
A,A
A,A
A,A
A,A
A,A
A,A
A,A
A,A
A,A
A,A
A,A
A,A
A,A
A,A
A,A
A,A
A,A
A,A
A,A
A,A
A,A
A,A
A,A
A,A
A,A
A,A
A,A
A,A
A,A
A,A
A,A
A,A
A,A
A,A
A,A
A,A
A,A
A,A
A,A
A,A
A,A
A,A
A,A
A,A
A,A
A,A
A,A
A,A
A,A
A,A
A,A
A,A
A,A
A,A
A,A
A,A
A,A
A,A
A,A
A,A
A,A
A,A
A,A
A,A
A,A
A,A
A,A
A,A
A,A
A,A
A,A
A,A
A,A
A,A
A,A
A,A
A,A
C,A
C,A
C,A
C,A
C,A
C,A
C,A
A,A
B,A
B,A
C,A
C,A
C,A
C,A
C,A
A,A
A,A
A,A
A,A
A,A
A,A
A,A
A,A
A,A
B,A
B,A
B,A
C,A
C,A
A,A
A,A
A,A
A,A
A,A
A,A
A,A
A,A
A,A
A,A
A,A
A,A
A,A
A,A
B,A
B,A
A,A
A,A
A,A
A,A
A,A
A,A
A,A
A,A
A,A
A,A
B,A
B,A
C,A
A,A
A,A
A,A
A,A
A,A
A,A
A,A
A,A
A,A
A,A
A,A
A,A
A,A
A,A
A,A
A,A
A,A
A,A
A,A
A,A
A,A
A,A
A,A
A,A
A,A
A,A
A,A
A,A
A,A
A,A
A,A
A,A
A,A
A,A
A,A
A,A
A,A
A,A
A,A
A,A
A,A
A,A
A,A
A,A
A,A
A,A
A,A
A,A
A,A
A,A
A,A
A,A
A,A
A,A
A,A
A,A
A,A
A,A
A,A
A,A
A,A
A,A
A,A
A,A
A,A
A,A
A,B
A,B
A,B
A,B
A,B
A,B
A,B
A,B
A,B
A,B
A,B
B,B
B,B
B,B
B,B
B,B
B,B
B,B
B,B
B,B
B,B
B,B
B,B
B,B
B,B
B,B
B,B
B,B
B,B
B,B
B,B
B,B
B,B
B,B
B,B
A,B
A,B
A,B
A,B
A,B
A,B
A,B
A,B
A,B
A,B
A,B
A,B
A,B
A,B
A,B
A,B
A,B
A,B
A,B
A,B
A,B
A,B
A,B
A,B
A,B
A,B
B,B
B,B
B,B
B,B
B,B
B,B
B,B
B,B
B,B
B,B
B,B
B,B
B,B
B,B
B,B
B,B
B,B
B,B
B,B
B,B
B,B
B,B
A,B
A,B
A,B
A,B
A,B
A,B
A,B
A,B
A,B
A,B
A,B
A,B
A,B
A,B
A,B
A,B
A,B
A,B
A,B
A,B
A,B
A,B
A,B
A,B
A,B
A,B
A,B
A,B
A,B
A,B
A,B
A,B
A,B
A,B
A,B
A,B
A,B
A,B
A,B
A,B
A,B
A,B
A,B
B,B
B,B
B,B
B,B
B,B
B,B
B,B
B,B
B,B
B,B
B,B
B,B
B,B
B,B
B,B
B,B
B,B
B,B
B,B
B,B
B,B
A,B
A,B
A,B
A,B
A,B
A,B
A,B
A,B
A,B
A,B
A,B
A,B
A,B
A,B
A,B
A,B
A,B
A,B
A,B
A,B
A,B
A,B
A,B
A,B
A,B
B,B
B,B
B,B
B,B
B,B
B,B
B,B
B,B
B,B
B,B
B,B
B,B
B,B
B,B
B,B
B,B
B,B
B,B
B,B
B,B
B,B
B,B
B,B
B,B
B,B
A,B
A,B
A,B
A,B
A,B
A,B
A,B
A,B
A,B
A,B
A,B
A,B
A,B
B,B
B,B
B,B
B,B
B,B
B,B
B,B
B,B
A,B
B,B
B,B
B,B
B,B
B,B
B,B
B,B
B,B
B,B
B,B
B,B
B,B
B,B
B,B
B,B
B,B
B,B
B,B
B,B
B,B
B,B
B,B
B,B
B,B
B,B
B,B
A,B
A,B
A,B
A,B
A,B
A,B
A,B
B,B
B,B
B,B
B,B
B,B
B,B
B,B
B,B
B,B
B,B
B,B
B,B
B,B
B,B
B,B
B,B
B,B
B,B
A,B
A,B
A,B
A,B
A,B
A,B
B,B
B,B
B,B
B,B
B,B
B,B
B,B
B,B
B,B
B,B
B,B
B,B
B,B
B,B
B,B
B,B
B,B
B,B
B,B
B,B
B,B
B,B
B,B
B,B
B,B
B,B
B,B
B,B
B,B
B,B
B,B
B,B
B,B
B,B
B,B
B,B
B,B
B,B
B,B
B,B
B,B
B,B
B,B
B,B
A,B
A,B
A,B
B,B
B,B
B,B
B,B
B,B
B,B
B,B
B,B
B,B
B,B
B,B
B,B
B,B
B,B
B,B
B,B
B,B
B,B
B,B
B,B
B,B
B,B
B,B
B,B
B,B
B,B
B,B
B,B
B,B
B,B
B,B
B,B
B,B
B,B
B,B
B,B
B,B
B,B
B,B
B,B
B,B
B,B
B,B
B,B
B,B
B,B
B,B
B,B
B,B
B,B
B,B
B,B
B,B
B,B
B,B
B,B
B,B
B,B
B,B
B,B
B,B
B,B
B,B
B,B
B,B
B,B
B,B
B,B
B,B
B,B
B,B
B,B
B,B
B,B
B,B
B,B
B,B
B,B
B,B
B,B
B,B
B,B
B,B
B,B
B,B
B,B
B,B
B,B
B,B
B,B
B,B
B,B
B,B
B,B
B,B
B,B
B,B
B,B
B,B
B,B
B,B
B,B
B,B
B,B
B,B
B,B
B,B
B,B
B,B
B,B
B,B
B,B
B,B
B,B
B,B
B,B
B,B
B,B
A,B
E,B
E,B
E,B
D,B
E,B
E,B
E,B
E,B
E,B
E,B
B,B
B,B
B,B
B,B
B,B
D,B
B,B
B,B
B,B
B,B
B,B
B,B
B,B
B,B
B,B
B,B
B,B
B,B
B,B
B,B
B,B
B,B
B,B
B,B
B,B
B,B
B,B
B,B
B,B
B,B
B,B
B,B
B,B
B,B
B,B
B,B
B,B
B,B
B,B
B,B
B,B
B,B
B,B
B,B
B,B
B,B
B,B
D,B
D,B
D,B
D,B
C,B
C,B
C,B
C,B
C,B
C,B
C,B
C,B
C,B
C,B
C,B
C,B
C,B
C,B
A,B
A,B
A,B
A,B
A,B
A,B
A,B
B,B
B,B
B,B
B,B
B,B
B,B
B,B
B,B
B,B
B,B
B,B
B,B
B,B
B,B
B,B
B,B
B,B
B,B
B,B
B,B
B,B
B,B
B,B
B,B
B,B
B,B
B,B
B,B
B,B
B,B
B,B
B,B
B,B
B,B
B,B
B,B
B,B
B,B
B,B
D,B
D,B
B,B
B,B
B,B
B,B
B,B
B,B
B,B
B,B
B,B
B,B
B,B
B,B
B,B
B,B
B,B
B,B
B,B
B,B
B,B
B,B
B,B
B,B
B,B
B,B
B,B
B,B
B,B
B,B
B,B
B,B
B,B
B,B
B,B
B,B
B,B
B,B
B,B
B,B
B,B
B,B
B,B
B,B
E,B
E,B
E,B
D,B
D,B
D,B
D,B
D,B
D,B
D,B
D,B
D,B
D,B
D,B
E,B
E,B
E,B
C,B
C,B
C,B
C,B
C,B
C,B
C,B
C,B
C,B
B,B
C,B
C,B
B,B
B,B
B,B
B,B
B,B
B,B
B,B
B,B
C,B
C,B
B,B
B,B
B,B
B,B
B,B
B,B
B,B
B,B
B,B
B,B
E,B
E,B
D,B
D,B
D,B
D,B
D,B
D,B
D,B
D,B
D,B
D,B
E,B
E,B
E,B
E,B
C,B
C,B
C,B
C,B
C,B
B,B
C,B
C,B
B,B
B,B
C,B
B,B
B,B
B,B
B,B
C,B
C,B
C,B
B,B
B,B
B,B
B,B
B,B
B,B
B,B
B,B
B,B
B,B
B,B
B,B
B,B
B,B
B,B
B,B
B,B
B,B
B,B
B,B
B,B
B,B
B,B
B,B
B,B
B,B
B,B
B,B
B,B
B,B
B,B
D,B
D,B
D,B
D,B
D,B
D,B
E,B
E,B
E,B
C,B
C,B
C,B
C,B
C,B
C,B
C,B
C,B
B,B
C,B
B,B
B,B
B,B
B,B
B,B
B,B
B,B
B,B
B,B
B,B
B,B
B,B
B,B
B,B
B,B
B,B
B,B
B,B
B,B
B,B
B,B
B,B
B,B
B,B
B,B
B,B
B,B
B,B
B,B
B,B
B,B
B,B
B,B
B,B
D,B
D,B
D,B
D,B
D,B
D,B
D,B
D,B
D,B
D,B
E,B
E,B
C,B
C,B
C,B
C,B
C,B
C,B
C,B
C,B
B,B
B,B
B,B
C,B
B,B
B,B
B,B
B,B
B,B
B,B
C,B
C,B
B,B
B,B
B,B
B,B
B,B
B,B
B,B
B,B
B,B
D,B
D,B
E,B
E,B
E,B
E,B
E,B
E,B
E,B
C,B
C,B
C,B
C,B
C,B
C,B
C,B
C,B
B,B
B,B
B,B
B,B
B,B
B,B
B,B
C,B
C,B
C,B
B,B
B,B
C,B
C,B
B,B
C,B
B,B
B,B
B,B
B,B
B,B
A,B
A,B
A,B
E,B
E,B
E,B
B,B
B,B
B,B
B,B
B,B
B,B
B,B
B,B
B,B
B,B
B,B
D,B
D,B
D,B
D,B
D,B
D,B
D,B
D,B
D,B
B,B
E,B
E,B
E,B
E,B
E,B
E,B
E,B
E,B
E,B
A,B
A,B
D,B
D,B
A,B
D,B
D,B
A,B
D,B
D,B
D,B
D,B
D,B
A,B
D,B
A,B
A,B
A,B
A,B
A,B
A,B
A,B
A,B
B,B
B,B
B,B
B,B
B,B
B,B
B,B
B,B
B,B
B,B
B,B
B,B
B,B
B,B
B,B
B,B
B,B
B,B
B,B
B,B
B,B
B,B
B,B
B,B
B,B
B,B
B,B
B,B
A,B
A,B
A,B
A,B
A,B
A,B
A,B
A,B
A,B
A,B
A,B
A,B
D,B
D,B
D,B
D,B
D,B
D,B
D,B
D,B
D,B
D,B
D,B
A,B
A,B
A,B
A,B
A,B
A,B
A,B
A,B
B,B
B,B
B,B
B,B
B,B
B,B
B,B
B,B
B,B
B,B
B,B
B,B
B,B
B,B
B,B
B,B
B,B
B,B
B,B
B,B
B,B
B,B
B,B
B,B
A,B
A,B
A,B
A,B
A,B
A,B
A,B
A,B
A,B
A,B
B,B
B,B
B,B
B,B
B,B
B,B
B,B
B,B
B,B
B,B
B,B
B,B
B,B
B,B
B,B
B,B
B,B
B,B
B,B
D,B
D,B
D,B
A,B
A,B
A,B
A,B
A,B
A,B
A,B
D,B
D,B
D,B
D,B
D,B
D,B
D,B
D,B
D,B
D,B
D,B
D,B
D,B
A,B
A,B
A,B
A,B
A,B
B,B
B,B
B,B
D,B
D,B
D,B
B,B
B,B
D,B
D,B
A,B
D,B
A,B
A,B
D,B
A,B
D,B
D,B
A,B
D,B
A,B
D,B
D,B
C,B
C,B
C,B
C,B
C,B
C,B
C,B
C,B
C,B
C,B
C,B
D,B
D,B
D,B
D,B
C,B
B,B
D,B
D,B
B,B
B,B
B,B
B,B
B,B
B,B
B,B
B,B
B,B
B,B
B,B
B,B
B,B
B,B
B,B
B,B
B,B
B,B
B,B
B,B
B,B
B,B
B,B
B,B
B,B
B,B
B,B
B,B
B,B
B,B
B,B
B,B
B,B
B,B
B,B
E,B
E,B
E,B
E,B
B,B
B,B
B,B
B,B
B,B
B,B
C,B
C,B
C,B
C,B
C,B
C,B
C,B
C,B
C,B
B,B
B,B
B,B
B,B
B,B
B,B
B,B
B,B
B,B
B,B
B,B
B,B
B,B
B,B
B,B
B,B
B,B
B,B
B,B
B,B
B,B
B,B
C,B
C,B
C,B
C,B
C,B
C,B
C,B
B,B
B,B
B,B
B,B
B,B
B,B
B,B
B,B
B,B
B,B
B,B
B,B
B,B
B,B
B,B
B,B
B,B
B,B
B,B
B,B
B,B
B,B
B,B
C,B
C,B
C,B
C,B
C,B
C,B
C,B
B,B
B,B
B,B
B,B
B,B
B,B
B,B
B,B
B,B
B,B
B,B
B,B
B,B
B,B
D,B
D,B
B,B
B,B
B,B
B,B
B,B
B,B
B,B
B,B
B,B
B,B
B,B
B,B
B,B
B,B
B,B
B,B
B,B
B,B
B,B
B,B
B,B
B,B
C,B
C,B
C,B
C,B
B,B
B,B
B,B
B,B
B,B
B,B
B,B
B,B
B,B
B,B
B,B
B,B
B,B
B,B
B,B
B,B
B,B
B,B
B,B
B,B
B,B
B,B
B,B
B,B
B,B
B,B
B,B
B,B
B,B
D,B
D,B
D,B
D,B
D,B
D,B
D,B
D,B
E,B
E,B
E,B
E,B
E,B
E,B
E,B
E,B
E,B
E,B
E,B
E,B
E,B
E,B
B,B
B,B
B,B
B,B
B,B
B,B
B,B
B,B
B,B
D,B
D,B
D,B
D,B
D,B
D,B
D,B
D,B
D,B
D,B
D,B
D,B
D,B
D,B
D,B
D,B
D,B
D,B
D,B
D,B
D,B
D,B
D,B
D,B
D,B
D,B
D,B
D,B
D,B
D,B
D,B
D,B
D,B
E,B
E,B
E,B
E,B
E,B
E,B
E,B
E,B
E,B
E,B
E,B
E,B
E,B
E,B
E,B
B,B
B,B
B,B
B,B
B,B
B,B
B,B
C,B
A,B
A,B
B,B
B,B
B,B
B,B
B,B
B,B
B,B
B,B
B,B
B,B
B,B
B,B
B,B
B,B
B,B
B,B
B,B
B,B
B,B
B,B
B,B
B,B
B,B
B,B
B,B
B,B
B,B
B,B
B,B
B,B
B,B
B,B
B,B
B,B
B,B
B,B
B,B
A,B
A,B
B,B
B,B
B,B
B,B
D,B
D,B
D,B
D,B
B,B
B,B
B,B
B,B
B,B
D,B
D,B
D,B
D,B
D,B
D,B
E,B
E,B
E,B
E,B
D,B
D,B
D,B
D,B
D,B
D,B
E,B
E,B
E,B
E,B
E,B
E,B
B,B
B,B
B,B
B,B
B,B
B,B
B,B
B,B
B,B
B,B
B,B
B,B
B,B
B,B
B,B
B,B
B,B
B,B
B,B
B,B
B,B
B,B
B,B
B,B
B,B
B,B
B,B
B,B
B,B
B,B
B,B
B,B
B,B
B,B
B,B
B,B
B,B
B,B
B,B
B,B
B,B
B,B
B,B
B,B
B,B
B,B
B,B
B,B
B,B
B,B
B,B
B,B
B,B
C,B
C,B
C,B
C,B
C,B
B,B
B,B
B,B
B,B
E,B
E,B
E,B
E,B
B,B
B,B
B,B
B,B
B,B
B,B
B,B
B,B
B,B
B,B
B,B
B,B
B,B
B,B
B,B
B,B
B,B
B,B
B,B
B,B
B,B
B,B
B,B
B,B
B,B
B,B
B,B
B,B
B,B
B,B
B,B
B,B
C,B
C,B
C,B
C,B
C,B
C,B
B,B
C,B
B,B
E,B
E,B
B,B
B,B
B,B
B,B
B,B
B,B
B,B
B,B
B,B
B,B
B,B
B,B
B,B
B,B
B,B
B,B
B,B
B,B
B,B
B,B
B,B
B,B
B,B
B,B
B,B
B,B
B,B
B,B
B,B
C,B
C,B
B,B
B,B
B,B
B,B
B,B
B,B
B,B
B,B
B,B
B,B
C,B
C,B
C,B
C,B
B,B
B,B
B,B
B,B
B,B
B,B
B,B
B,B
B,B
B,B
B,B
B,B
B,B
B,B
B,B
B,B
B,B
B,B
B,B
B,B
B,B
B,B
B,B
B,B
B,B
B,B
B,B
B,B
B,B
B,B
B,B
B,B
C,B
C,B
C,B
B,B
B,B
B,B
B,B
B,B
B,B
B,B
B,B
B,B
B,B
B,B
B,B
B,B
B,B
B,B
B,B
B,B
B,B
B,B
B,B
B,B
B,B
B,B
B,B
B,B
B,B
B,B
B,B
B,B
B,B
B,B
B,B
B,B
B,B
B,B
B,B
B,B
B,B
B,B
B,B
C,B
C,B
C,B
C,B
C,B
B,B
B,B
B,B
B,B
B,B
B,B
B,B
B,B
B,B
B,B
B,B
B,B
B,B
B,B
B,B
B,B
B,B
B,B
B,B
B,B
B,B
B,B
B,B
B,B
B,B
B,B
B,B
B,B
B,B
B,B
B,B
B,B
B,B
B,B
B,B
B,B
B,B
B,B
B,B
B,B
B,B
B,B
B,B
B,B
B,B
B,B
B,B
B,B
B,B
B,B
A,B
A,B
A,B
A,B
A,B
A,B
A,B
A,B
A,B
A,B
A,B
A,B
A,B
A,B
A,B
A,B
A,B
B,B
B,B
B,B
B,B
B,B
B,B
B,B
B,B
B,B
B,B
B,B
B,B
B,B
B,B
B,B
B,B
B,B
B,B
B,B
B,B
B,B
B,B
B,B
B,B
B,B
B,B
B,B
B,B
B,B
B,B
B,B
B,B
B,B
B,B
B,B
B,B
B,B
B,B
B,B
B,B
B,B
B,B
B,B
B,B
B,B
B,B
B,B
B,B
B,B
B,B
B,B
B,B
B,B
B,B
B,B
B,B
B,B
B,B
B,B
B,B
B,B
B,B
B,B
B,B
B,B
B,B
B,B
B,B
B,B
B,B
B,B
B,B
B,B
B,B
B,B
B,B
B,B
B,B
B,B
B,B
B,B
B,B
B,B
B,B
B,B
B,B
B,B
B,B
B,B
B,B
B,B
B,B
B,B
B,B
B,B
B,B
B,B
B,B
B,B
B,B
B,B
B,B
B,B
B,B
B,B
B,B
B,B
B,B
B,B
B,B
B,B
B,B
B,B
B,B
B,B
B,B
B,B
B,B
B,B
B,B
B,B
B,B
B,B
B,B
B,B
B,B
B,B
B,B
B,B
B,B
B,B
B,B
B,B
B,B
B,B
B,B
B,B
B,B
B,B
B,B
B,B
B,B
B,B
B,B
B,B
B,B
B,B
B,B
B,B
B,B
B,B
B,B
B,B
B,B
B,B
B,B
B,B
B,B
B,B
B,B
B,B
B,B
B,B
B,B
B,B
B,B
B,B
B,B
B,B
B,B
B,B
B,B
B,B
B,B
B,B
B,B
B,B
B,B
B,B
B,B
B,B
B,B
B,B
B,B
B,B
B,B
B,B
B,B
B,B
B,B
B,B
B,B
B,B
B,B
B,B
B,B
B,B
B,B
B,B
B,B
B,B
B,B
B,B
B,B
B,B
B,B
B,B
B,B
B,B
B,B
B,B
B,B
B,B
B,B
B,B
B,B
B,B
B,B
B,B
B,B
B,B
B,B
B,B
B,B
B,B
B,B
B,B
B,B
B,B
B,B
B,B
B,B
B,B
B,B
B,B
B,B
B,B
B,B
B,B
B,B
B,B
B,B
B,B
B,B
B,B
B,B
B,B
B,B
B,B
B,B
B,B
B,B
B,B
B,B
B,B
B,B
B,B
B,B
B,B
B,B
B,B
B,B
B,B
B,B
B,B
B,B
B,B
B,B
B,B
B,B
B,B
B,B
B,B
B,B
B,B
B,B
B,B
B,B
B,B
B,B
B,B
B,B
B,B
B,B
B,B
B,B
B,B
B,B
B,B
B,B
B,B
B,B
B,B
B,B
B,B
B,B
B,B
B,B
B,B
B,B
B,B
B,B
B,B
B,B
B,B
B,B
B,B
B,B
B,B
B,B
B,B
B,B
B,B
B,B
B,B
B,B
B,B
B,B
B,B
B,B
B,B
B,B
B,B
B,B
B,B
B,B
B,B
B,B
B,B
B,B
B,B
B,B
B,B
B,B
B,B
B,B
B,B
B,B
B,B
B,B
B,B
B,B
B,B
B,B
B,B
B,B
B,B
B,B
B,B
B,B
B,B
B,B
B,B
B,B
B,B
B,B
B,B
B,B
B,B
B,B
B,B
B,B
B,B
B,B
B,B
B,B
B,B
B,B
B,B
B,B
B,B
B,B
B,B
B,B
B,B
B,B
B,B
B,B
B,B
B,B
B,B
B,B
B,B
B,B
B,B
B,B
B,B
B,B
B,B
B,B
B,B
B,B
B,B
B,B
B,B
B,B
B,B
B,B
B,B
B,B
A,B
A,B
A,B
A,B
A,B
A,B
A,B
A,B
A,B
A,B
A,B
A,B
A,B
B,B
B,B
B,B
B,B
B,B
B,B
B,B
B,B
B,B
B,B
B,B
B,B
B,B
B,B
B,B
B,B
B,B
B,B
B,B
B,B
B,B
B,B
B,B
B,B
B,B
B,B
B,B
B,B
B,B
B,B
B,B
B,B
B,B
A,B
A,B
A,B
A,B
A,B
A,B
A,B
A,B
A,B
A,B
A,B
A,B
A,B
A,B
A,B
A,B
A,B
A,B
C,B
C,B
C,B
C,B
C,B
C,B
C,B
C,B
C,B
C,B
C,B
C,B
B,B
B,B
B,B
B,B
B,B
B,B
B,B
B,B
B,B
B,B
A,B
A,B
A,B
A,B
A,B
A,B
A,B
A,B
A,B
B,B
B,B
B,B
B,B
B,B
B,B
B,B
B,B
B,B
B,B
B,B
B,B
B,B
B,B
B,B
B,B
B,B
B,B
B,B
B,B
B,B
B,B
B,B
B,B
B,B
B,B
B,B
B,B
B,B
B,B
B,B
B,B
B,B
B,B
B,B
B,B
B,B
B,B
B,B
B,B
B,B
B,B
B,B
B,B
B,B
B,B
B,B
B,B
B,B
B,B
B,B
B,B
B,B
B,B
B,B
B,B
B,B
B,B
B,B
B,B
B,B
B,B
B,B
B,B
B,B
B,B
B,B
B,B
B,B
B,B
B,B
B,B
B,B
B,B
B,B
B,B
B,B
B,B
B,B
B,B
B,B
B,B
B,B
B,B
B,B
B,B
B,B
B,B
B,B
B,B
B,B
B,B
B,B
B,B
B,B
B,B
B,B
B,B
B,B
B,B
B,B
B,B
B,B
B,B
B,B
B,B
B,B
B,B
B,B
B,B
B,B
B,B
B,B
B,B
B,B
B,B
A,B
A,B
A,B
A,B
A,B
A,B
A,B
A,B
A,B
A,B
A,B
A,B
A,B
A,B
A,B
A,B
A,B
A,B
A,B
A,B
A,B
A,B
A,B
A,B
A,B
A,B
A,B
A,B
A,B
A,B
A,B
A,B
A,B
A,B
A,B
A,B
A,B
A,B
A,B
A,B
A,B
A,B
A,B
A,B
A,B
A,B
A,B
A,B
A,B
A,B
A,B
A,B
A,B
A,B
A,B
A,B
A,B
A,B
A,B
A,B
A,B
A,B
A,B
A,B
A,B
A,B
A,B
A,B
A,B
A,B
A,B
A,B
A,B
A,B
A,B
A,B
A,B
A,B
A,B
A,B
A,B
A,B
A,B
A,B
A,B
A,B
A,B
A,B
A,B
A,B
A,B
A,B
A,B
A,B
A,B
A,B
A,B
A,B
A,B
A,B
A,B
A,B
A,B
A,B
A,B
A,B
A,B
A,B
A,B
A,B
A,B
A,B
A,B
A,B
A,B
A,B
A,B
A,B
A,B
A,B
A,B
A,B
A,B
A,B
A,B
A,B
A,B
A,B
A,B
A,B
A,B
A,B
A,B
A,B
A,B
A,B
A,B
A,B
A,B
A,B
A,B
A,B
A,B
A,B
D,B
B,B
B,B
B,B
B,B
B,B
B,B
B,B
B,B
B,B
B,B
B,B
B,B
B,B
B,B
B,B
B,B
B,B
B,B
B,B
B,B
B,B
B,B
B,B
B,B
B,B
B,B
B,B
B,B
B,B
B,B
B,B
B,B
B,B
B,B
B,B
B,B
B,B
B,B
B,B
B,B
D,B
A,B
A,B
A,B
A,B
A,B
A,B
A,B
A,B
A,B
A,B
A,B
A,B
A,B
A,B
A,B
A,B
A,B
A,B
A,B
A,B
A,B
A,B
A,B
A,B
A,B
A,B
B,B
B,B
B,B
B,B
B,B
B,B
B,B
B,B
B,B
B,B
B,B
B,B
B,B
B,B
B,B
B,B
B,B
B,B
B,B
B,B
B,B
B,B
B,B
B,B
B,B
B,B
B,B
B,B
B,B
B,B
B,B
B,B
B,B
B,B
B,B
B,B
B,B
B,B
B,B
B,B
B,B
B,B
B,B
B,B
D,B
D,B
D,B
D,B
D,B
A,B
A,B
A,B
B,B
B,B
B,B
B,B
B,B
B,B
B,B
B,B
B,B
B,B
B,B
B,B
B,B
B,B
B,B
B,B
B,B
B,B
B,B
B,B
B,B
B,B
B,B
B,B
B,B
B,B
B,B
B,B
B,B
B,B
B,B
B,B
B,B
B,B
B,B
B,B
D,B
D,B
D,B
D,B
D,B
D,B
D,B
D,B
D,B
D,B
D,B
D,B
D,B
D,B
D,B
D,B
D,B
B,B
B,B
B,B
B,B
B,B
B,B
B,B
B,B
B,B
B,B
B,B
B,B
B,B
B,B
B,B
B,B
B,B
B,B
B,B
B,B
B,B
B,B
B,B
B,B
B,B
B,B
B,B
B,B
B,B
B,B
B,B
B,B
B,B
B,B
B,B
B,B
B,B
B,B
B,B
B,B
B,B
B,B
B,B
B,B
B,B
B,B
B,B
B,B
B,B
B,B
B,B
B,B
B,B
B,B
B,B
B,B
B,B
B,B
B,B
B,B
B,B
B,B
B,B
B,B
B,B
B,B
B,B
B,B
A,B
B,B
B,B
B,B
A,B
B,B
B,B
B,B
B,B
B,B
B,B
B,B
B,B
B,B
B,B
B,B
B,B
B,B
B,B
B,B
B,B
B,B
B,B
B,B
B,B
B,B
B,B
B,B
B,B
B,B
B,B
B,B
B,B
B,B
B,B
B,B
B,B
B,B
B,B
B,B
B,B
B,B
B,B
B,B
B,B
B,B
B,B
B,B
B,B
B,B
B,B
B,B
B,B
B,B
B,B
B,B
B,B
B,B
B,B
B,B
B,B
B,B
B,B
B,B
B,B
B,B
B,B
B,B
B,B
B,B
B,B
B,B
B,B
B,B
B,B
B,B
B,B
B,B
B,B
B,B
B,B
B,B
B,B
B,B
B,B
B,B
B,B
B,B
B,B
B,B
B,B
B,B
B,B
B,B
B,B
B,B
B,B
B,B
B,B
B,B
B,B
B,B
B,B
B,B
B,B
B,B
B,B
B,B
B,B
B,B
B,B
B,B
B,B
B,B
B,B
B,B
B,B
B,B
B,B
B,B
B,B
B,B
B,B
B,B
B,B
B,B
B,B
B,B
B,B
B,B
B,B
B,B
B,B
B,B
B,B
B,B
D,B
D,B
D,B
D,B
D,B
D,B
D,B
B,B
A,B
A,B
A,B
A,B
A,B
A,B
A,B
A,B
A,B
A,B
A,B
A,B
A,B
A,B
A,B
A,B
A,B
A,B
A,B
A,B
A,B
A,B
A,B
B,B
B,B
D,B
D,B
D,B
D,B
D,B
D,B
D,B
D,B
D,B
D,B
D,B
D,B
D,B
D,B
D,B
D,B
B,B
B,B
B,B
B,B
B,B
B,B
B,B
B,B
B,B
B,B
B,B
B,B
B,B
D,B
B,B
B,B
B,B
B,B
D,B
D,B
D,B
D,B
D,B
D,B
D,B
D,B
D,B
D,B
D,B
D,B
D,B
D,B
D,B
D,B
D,B
D,B
D,B
D,B
D,B
D,B
D,B
B,B
B,B
B,B
B,B
B,B
B,B
B,B
B,B
A,B
C,B
D,B
C,B
C,B
C,B
D,B
C,B
D,B
D,B
D,B
D,B
D,B
D,B
D,B
D,B
D,B
D,B
D,B
D,B
D,B
D,B
D,B
D,B
D,B
D,B
D,B
B,B
B,B
B,B
B,B
B,B
B,B
B,B
B,B
B,B
B,B
B,B
B,B
B,B
B,B
B,B
B,B
B,B
B,B
D,B
D,B
D,B
D,B
D,B
D,B
D,B
D,B
D,B
D,B
D,B
D,B
D,B
D,B
D,B
D,B
D,B
D,B
D,B
D,B
D,B
A,B
A,B
A,B
A,B
A,B
A,B
A,B
A,B
A,B
A,B
A,B
A,B
A,B
A,B
A,B
A,B
A,B
A,B
A,B
A,B
A,B
A,B
A,B
A,B
A,B
A,B
A,B
A,B
A,B
A,B
A,B
A,B
A,B
A,B
A,B
A,B
A,B
A,B
A,B
A,B
A,B
A,B
A,B
A,B
A,B
A,B
A,B
A,B
A,B
A,B
A,B
A,B
A,B
A,B
B,B
B,B
A,B
A,B
A,B
A,B
A,B
A,B
A,B
A,B
A,B
A,B
A,B
A,B
A,B
A,B
A,B
A,B
A,B
A,B
A,B
A,B
A,B
A,B
A,B
A,B
A,B
A,B
A,B
A,B
A,B
A,B
A,B
A,B
A,B
A,B
A,B
A,B
A,B
A,B
A,B
A,B
A,B
A,B
A,B
A,B
B,B
B,B
B,B
B,B
D,B
D,B
D,B
D,B
D,B
D,B
D,B
D,B
D,B
D,B
D,B
D,B
D,B
D,B
D,B
D,B
D,B
B,B
B,B
B,B
B,B
B,B
B,B
B,B
B,B
B,B
B,B
B,B
A,B
B,B
B,B
A,B
A,B
A,B
A,B
A,B
A,B
A,B
A,B
A,B
B,B
A,B
A,B
B,B
B,B
B,B
B,B
B,B
B,B
B,B
B,B
B,B
B,B
B,B
B,B
B,B
B,B
B,B
B,B
B,B
B,B
B,B
B,B
B,B
B,B
B,B
B,B
B,B
B,B
B,B
B,B
B,B
B,B
B,B
B,B
B,B
B,B
B,B
B,B
B,B
B,B
B,B
B,B
B,B
A,B
A,B
A,B
A,B
A,B
A,B
A,B
A,B
A,B
D,B
D,B
D,B
D,B
D,B
D,B
A,B
A,B
A,B
A,B
A,B
B,B
B,B
B,B
B,B
B,B
B,B
B,B
B,B
B,B
C,B
C,B
C,B
B,B
B,B
B,B
B,B
B,B
B,B
B,B
B,B
B,B
B,B
B,B
B,B
B,B
B,B
B,B
B,B
B,B
B,B
B,B
B,B
B,B
B,B
B,B
B,B
B,B
B,B
B,B
B,B
B,B
B,B
C,B
C,B
C,B
C,B
C,B
C,B
C,B
C,B
B,B
B,B
B,B
B,B
B,B
B,B
E,B
E,B
E,B
B,B
B,B
B,B
B,B
B,B
B,B
B,B
B,B
B,B
B,B
B,B
B,B
B,B
B,B
B,B
B,B
B,B
B,B
B,B
B,B
B,B
B,B
D,B
D,B
D,B
C,B
C,B
C,B
C,B
C,B
C,B
C,B
C,B
B,B
B,B
B,B
B,B
B,B
B,B
B,B
B,B
B,B
B,B
B,B
B,B
B,B
B,B
B,B
E,B
E,B
E,B
E,B
E,B
E,B
E,B
E,B
E,B
E,B
E,B
E,B
E,B
E,B
E,B
E,B
E,B
E,B
E,B
B,B
A,B
A,B
D,B
D,B
D,B
D,B
D,B
D,B
D,B
D,B
D,B
D,B
D,B
D,B
D,B
D,B
D,B
D,B
D,B
D,B
D,B
D,B
D,B
D,B
D,B
D,B
D,B
C,B
D,B
D,B
D,B
D,B
D,B
D,B
B,B
B,B
B,B
B,B
B,B
B,B
B,B
B,B
B,B
B,B
B,B
B,B
B,B
D,B
D,B
D,B
D,B
D,B
D,B
D,B
D,B
D,B
D,B
D,B
D,B
D,B
D,B
D,B
D,B
D,B
D,B
D,B
D,B
B,B
B,B
B,B
B,B
B,B
B,B
B,B
B,B
B,B
B,B
D,B
D,B
D,B
D,B
D,B
E,B
E,B
E,B
E,B
C,B
C,B
C,B
C,B
C,B
C,B
C,B
C,B
C,B
C,B
C,B
C,B
C,B
A,B
A,B
A,B
A,B
A,B
D,B
D,B
D,B
D,B
D,B
D,B
D,B
D,B
D,B
D,B
D,B
D,B
C,B
D,B
D,B
D,B
D,B
D,B
D,B
D,B
B,B
B,B
B,B
D,B
D,B
D,B
D,B
D,B
D,B
D,B
D,B
D,B
D,B
D,B
D,B
D,B
D,B
D,B
D,B
D,B
D,B
C,B
C,B
C,B
C,B
C,B
C,B
C,B
C,B
C,B
C,B
C,B
C,B
C,B
C,B
C,B
C,B
C,B
C,B
C,B
C,B
C,B
C,B
C,B
C,B
C,B
C,B
C,B
C,B
C,B
A,B
A,B
A,B
A,B
A,B
A,B
C,B
C,B
C,B
C,B
C,B
C,B
A,B
A,B
A,B
A,B
A,B
A,B
C,B
C,B
C,B
C,B
A,B
A,B
A,B
A,B
A,B
A,B
A,B
A,B
A,B
A,B
A,B
A,B
A,B
D,B
D,B
C,B
C,B
D,B
D,B
D,B
D,B
D,B
D,B
D,B
D,B
D,B
D,B
D,B
D,B
D,B
D,B
D,B
D,B
D,B
D,B
D,B
D,B
D,B
D,B
D,B
D,B
D,B
D,B
D,B
D,B
D,B
D,B
D,B
D,B
D,B
D,B
D,B
D,B
D,B
D,B
D,B
D,B
D,B
B,B
B,B
B,B
B,B
B,B
B,B
B,B
B,B
B,B
B,B
D,B
D,B
D,B
B,B
B,B
B,B
B,B
B,B
B,B
B,B
B,B
B,B
B,B
B,B
B,B
B,B
B,B
B,B
B,B
B,B
B,B
B,B
B,B
B,B
B,B
B,B
B,B
B,B
B,B
B,B
B,B
B,B
B,B
B,B
B,B
B,B
B,B
B,B
B,B
B,B
B,B
B,B
B,B
B,B
B,B
B,B
B,B
B,B
B,B
B,B
B,B
B,B
B,B
B,B
B,B
B,B
C,B
B,B
B,B
B,B
B,B
B,B
B,B
B,B
B,B
B,B
B,B
B,B
B,B
B,B
B,B
B,B
B,B
B,B
B,B
B,B
B,B
B,B
B,B
B,B
B,B
B,B
B,B
C,B
C,B
C,B
C,B
C,B
C,B
C,B
C,B
C,B
C,B
C,B
D,B
D,B
D,B
D,B
D,B
D,B
D,B
D,B
B,B
B,B
D,B
B,B
B,B
B,B
B,B
A,B
D,B
A,B
B,B
B,B
B,B
B,B
B,B
B,B
B,B
B,B
B,B
B,B
B,B
B,B
B,B
B,B
B,B
B,B
B,B
B,B
B,B
B,B
B,B
B,B
B,B
C,B
C,B
A,B
D,B
D,B
D,B
A,B
A,B
A,B
A,B
A,B
A,B
A,B
A,B
A,B
A,B
B,B
B,B
B,B
B,B
B,B
B,B
B,B
B,B
B,B
C,C
C,C
C,C
C,C
C,C
C,C
C,C
C,C
C,C
C,C
C,C
C,C
C,C
C,C
C,C
C,C
C,C
C,C
C,C
C,C
C,C
C,C
C,C
C,C
C,C
C,C
C,C
C,C
C,C
C,C
C,C
C,C
C,C
C,C
C,C
B,C
B,C
B,C
B,C
B,C
C,C
C,C
C,C
C,C
C,C
C,C
C,C
C,C
C,C
C,C
C,C
C,C
C,C
C,C
C,C
C,C
C,C
C,C
C,C
C,C
C,C
C,C
C,C
C,C
C,C
C,C
C,C
C,C
C,C
C,C
C,C
C,C
C,C
C,C
C,C
C,C
C,C
C,C
C,C
C,C
C,C
C,C
C,C
C,C
C,C
C,C
C,C
C,C
C,C
C,C
C,C
C,C
C,C
C,C
C,C
C,C
C,C
C,C
C,C
C,C
C,C
C,C
C,C
C,C
C,C
C,C
C,C
C,C
C,C
C,C
C,C
C,C
C,C
C,C
C,C
C,C
C,C
C,C
C,C
C,C
C,C
C,C
C,C
C,C
C,C
C,C
C,C
C,C
C,C
C,C
C,C
C,C
C,C
C,C
C,C
C,C
C,C
C,C
C,C
C,C
C,C
C,C
C,C
C,C
C,C
C,C
C,C
C,C
C,C
C,C
C,C
C,C
C,C
C,C
C,C
C,C
C,C
C,C
C,C
C,C
C,C
C,C
C,C
C,C
C,C
C,C
C,C
C,C
C,C
C,C
C,C
C,C
C,C
C,C
C,C
C,C
C,C
C,C
C,C
C,C
C,C
C,C
C,C
C,C
C,C
C,C
C,C
C,C
C,C
C,C
C,C
C,C
C,C
C,C
C,C
C,C
C,C
C,C
C,C
C,C
C,C
C,C
C,C
C,C
C,C
C,C
C,C
C,C
C,C
C,C
C,C
C,C
C,C
C,C
C,C
C,C
C,C
C,C
C,C
C,C
C,C
C,C
C,C
C,C
C,C
C,C
C,C
C,C
C,C
C,C
C,C
C,C
C,C
C,C
C,C
C,C
C,C
C,C
C,C
C,C
C,C
C,C
C,C
C,C
C,C
C,C
C,C
C,C
C,C
C,C
C,C
C,C
C,C
C,C
C,C
C,C
C,C
C,C
C,C
C,C
C,C
C,C
C,C
C,C
C,C
C,C
C,C
C,C
C,C
C,C
C,C
C,C
C,C
C,C
C,C
C,C
C,C
C,C
C,C
C,C
C,C
C,C
C,C
C,C
C,C
C,C
C,C
C,C
C,C
C,C
C,C
C,C
C,C
C,C
C,C
C,C
C,C
C,C
C,C
C,C
C,C
C,C
C,C
C,C
C,C
C,C
C,C
C,C
C,C
C,C
C,C
C,C
C,C
C,C
C,C
C,C
C,C
C,C
C,C
C,C
C,C
C,C
C,C
C,C
C,C
C,C
C,C
C,C
C,C
C,C
C,C
C,C
C,C
C,C
C,C
C,C
C,C
C,C
C,C
C,C
C,C
C,C
C,C
C,C
C,C
C,C
C,C
C,C
C,C
C,C
C,C
C,C
C,C
C,C
C,C
C,C
C,C
C,C
C,C
C,C
C,C
C,C
C,C
C,C
C,C
C,C
C,C
C,C
C,C
C,C
C,C
C,C
C,C
C,C
C,C
C,C
C,C
C,C
C,C
C,C
C,C
C,C
C,C
C,C
C,C
C,C
C,C
C,C
C,C
C,C
C,C
C,C
C,C
C,C
C,C
C,C
C,C
C,C
C,C
C,C
C,C
C,C
C,C
C,C
C,C
C,C
C,C
C,C
C,C
C,C
C,C
C,C
C,C
C,C
C,C
C,C
C,C
C,C
C,C
C,C
C,C
C,C
C,C
C,C
C,C
C,C
C,C
C,C
C,C
C,C
C,C
C,C
C,C
C,C
C,C
C,C
C,C
C,C
C,C
C,C
C,C
C,C
C,C
C,C
C,C
C,C
C,C
C,C
C,C
C,C
C,C
C,C
C,C
C,C
C,C
C,C
C,C
C,C
C,C
C,C
C,C
C,C
C,C
C,C
C,C
C,C
C,C
C,C
C,C
C,C
C,C
C,C
C,C
C,C
C,C
C,C
C,C
C,C
C,C
C,C
C,C
C,C
C,C
C,C
C,C
C,C
C,C
C,C
C,C
C,C
C,C
C,C
C,C
C,C
C,C
C,C
C,C
C,C
C,C
C,C
C,C
C,C
C,C
C,C
C,C
C,C
C,C
C,C
C,C
C,C
C,C
C,C
C,C
C,C
C,C
C,C
C,C
C,C
C,C
C,C
C,C
C,C
C,C
C,C
C,C
C,C
C,C
C,C
C,C
C,C
C,C
C,C
C,C
C,C
C,C
C,C
C,C
C,C
C,C
C,C
C,C
C,C
C,C
C,C
C,C
C,C
C,C
C,C
C,C
C,C
C,C
C,C
C,C
C,C
C,C
C,C
C,C
C,C
C,C
C,C
C,C
C,C
C,C
C,C
C,C
C,C
C,C
C,C
C,C
C,C
C,C
C,C
C,C
C,C
C,C
C,C
C,C
C,C
C,C
C,C
C,C
C,C
C,C
C,C
C,C
C,C
C,C
C,C
C,C
C,C
C,C
C,C
C,C
C,C
C,C
C,C
C,C
C,C
C,C
C,C
C,C
C,C
C,C
C,C
C,C
C,C
C,C
C,C
C,C
C,C
C,C
C,C
C,C
C,C
C,C
C,C
C,C
C,C
C,C
C,C
C,C
C,C
C,C
C,C
C,C
C,C
C,C
C,C
C,C
C,C
C,C
C,C
C,C
C,C
C,C
C,C
C,C
C,C
C,C
C,C
C,C
C,C
C,C
C,C
C,C
C,C
C,C
C,C
C,C
C,C
C,C
C,C
C,C
C,C
C,C
C,C
C,C
C,C
C,C
C,C
C,C
C,C
C,C
C,C
C,C
C,C
C,C
C,C
C,C
C,C
C,C
C,C
C,C
C,C
C,C
C,C
C,C
C,C
C,C
C,C
C,C
C,C
C,C
C,C
C,C
C,C
C,C
C,C
C,C
C,C
C,C
C,C
C,C
C,C
C,C
C,C
C,C
C,C
C,C
C,C
C,C
C,C
C,C
C,C
C,C
C,C
C,C
C,C
C,C
C,C
C,C
C,C
C,C
C,C
C,C
C,C
C,C
C,C
C,C
C,C
C,C
C,C
C,C
C,C
C,C
C,C
C,C
C,C
C,C
C,C
C,C
C,C
C,C
C,C
C,C
C,C
C,C
C,C
C,C
C,C
C,C
C,C
C,C
C,C
C,C
C,C
C,C
C,C
C,C
C,C
C,C
C,C
C,C
C,C
C,C
C,C
C,C
C,C
C,C
C,C
C,C
C,C
C,C
C,C
C,C
C,C
C,C
C,C
C,C
C,C
C,C
C,C
C,C
C,C
C,C
C,C
C,C
C,C
C,C
C,C
C,C
C,C
C,C
C,C
C,C
C,C
C,C
C,C
C,C
C,C
C,C
C,C
C,C
C,C
C,C
C,C
C,C
C,C
D,C
D,C
D,C
D,C
D,C
D,C
D,C
C,C
C,C
C,C
C,C
C,C
C,C
C,C
C,C
C,C
C,C
C,C
C,C
C,C
C,C
C,C
C,C
C,C
C,C
C,C
C,C
C,C
C,C
C,C
C,C
C,C
C,C
C,C
C,C
C,C
C,C
C,C
C,C
C,C
C,C
C,C
C,C
C,C
C,C
C,C
C,C
C,C
C,C
C,C
C,C
C,C
C,C
C,C
C,C
C,C
C,C
C,C
C,C
C,C
C,C
C,C
C,C
C,C
C,C
E,C
E,C
E,C
C,C
C,C
C,C
C,C
C,C
C,C
C,C
C,C
C,C
C,C
C,C
C,C
C,C
C,C
C,C
C,C
C,C
C,C
C,C
C,C
C,C
C,C
C,C
C,C
C,C
C,C
C,C
C,C
C,C
C,C
C,C
C,C
C,C
C,C
C,C
C,C
C,C
C,C
C,C
C,C
C,C
C,C
C,C
C,C
C,C
C,C
C,C
C,C
C,C
C,C
C,C
C,C
C,C
C,C
C,C
C,C
C,C
C,C
C,C
C,C
C,C
C,C
C,C
C,C
C,C
C,C
C,C
C,C
C,C
C,C
C,C
C,C
C,C
C,C
C,C
C,C
C,C
C,C
C,C
C,C
C,C
C,C
C,C
C,C
C,C
C,C
C,C
C,C
C,C
C,C
C,C
C,C
C,C
C,C
C,C
C,C
C,C
C,C
C,C
C,C
C,C
C,C
C,C
C,C
C,C
C,C
C,C
C,C
C,C
C,C
C,C
C,C
C,C
C,C
C,C
C,C
C,C
C,C
C,C
C,C
C,C
C,C
C,C
C,C
C,C
C,C
C,C
C,C
C,C
C,C
C,C
C,C
C,C
C,C
C,C
C,C
C,C
C,C
C,C
C,C
C,C
C,C
C,C
C,C
C,C
C,C
C,C
C,C
C,C
C,C
C,C
C,C
C,C
C,C
C,C
C,C
C,C
C,C
C,C
C,C
C,C
C,C
C,C
C,C
C,C
C,C
C,C
C,C
C,C
C,C
C,C
C,C
C,C
C,C
C,C
C,C
C,C
C,C
C,C
C,C
C,C
C,C
C,C
C,C
C,C
C,C
C,C
C,C
C,C
C,C
C,C
C,C
C,C
C,C
C,C
C,C
C,C
C,C
C,C
C,C
C,C
C,C
C,C
C,C
C,C
C,C
C,C
C,C
C,C
C,C
C,C
C,C
C,C
C,C
C,C
C,C
C,C
C,C
C,C
C,C
C,C
C,C
C,C
C,C
C,C
C,C
C,C
C,C
C,C
D,C
C,C
C,C
C,C
D,C
D,C
D,C
C,C
C,C
C,C
C,C
C,C
C,C
C,C
C,C
C,C
C,C
C,C
C,C
C,C
C,C
C,C
C,C
C,C
C,C
C,C
C,C
C,C
C,C
C,C
C,C
C,C
C,C
C,C
C,C
C,C
C,C
C,C
C,C
C,C
C,C
C,C
C,C
C,C
C,C
C,C
C,C
C,C
C,C
C,C
C,C
C,C
C,C
C,C
D,C
D,C
D,C
D,C
D,C
D,C
D,C
D,C
D,C
D,C
C,C
C,C
C,C
C,C
C,C
C,C
C,C
C,C
C,C
C,C
C,C
C,C
C,C
C,C
C,C
C,C
C,C
C,C
C,C
C,C
C,C
C,C
C,C
C,C
C,C
C,C
C,C
C,C
C,C
C,C
C,C
C,C
C,C
D,C
D,C
D,C
D,C
D,C
D,C
D,C
D,C
D,C
D,C
D,C
D,C
D,C
C,C
D,C
C,C
C,C
C,C
C,C
C,C
C,C
C,C
C,C
C,C
C,C
C,C
C,C
C,C
C,C
C,C
C,C
C,C
C,C
C,C
C,C
C,C
C,C
C,C
C,C
C,C
C,C
C,C
C,C
C,C
D,C
D,C
D,C
B,C
B,C
B,C
B,C
B,C
B,C
B,C
B,C
B,C
B,C
B,C
B,C
B,C
B,C
B,C
B,C
B,C
B,C
B,C
B,C
B,C
B,C
B,C
B,C
B,C
B,C
B,C
B,C
D,C
D,C
C,C
C,C
C,C
C,C
C,C
C,C
C,C
C,C
C,C
C,C
C,C
C,C
C,C
C,C
C,C
C,C
C,C
C,C
C,C
C,C
C,C
C,C
C,C
C,C
C,C
C,C
C,C
C,C
C,C
C,C
C,C
C,C
C,C
C,C
C,C
C,C
C,C
C,C
C,C
C,C
C,C
C,C
C,C
C,C
C,C
C,C
C,C
C,C
C,C
C,C
C,C
C,C
C,C
C,C
C,C
C,C
C,C
C,C
C,C
C,C
C,C
C,C
C,C
C,C
C,C
C,C
C,C
C,C
C,C
C,C
C,C
C,C
C,C
C,C
C,C
C,C
C,C
C,C
C,C
C,C
C,C
C,C
C,C
C,C
C,C
C,C
C,C
D,C
C,C
C,C
C,C
C,C
B,C
C,C
C,C
B,C
B,C
D,C
D,C
D,C
D,C
D,C
D,C
D,C
B,C
B,C
B,C
B,C
B,C
B,C
B,C
B,C
B,C
B,C
B,C
C,C
C,C
C,C
C,C
C,C
C,C
C,C
C,C
C,C
C,C
C,C
C,C
C,C
C,C
C,C
C,C
C,C
C,C
C,C
C,C
C,C
C,C
B,C
D,C
D,C
D,C
D,C
D,C
E,C
E,C
E,C
E,C
E,C
E,C
E,C
E,C
E,C
B,C
B,C
C,C
C,C
C,C
C,C
C,C
C,C
C,C
C,C
C,C
C,C
C,C
C,C
C,C
C,C
C,C
C,C
C,C
C,C
C,C
C,C
D,C
C,C
D,C
D,C
D,C
D,C
D,C
B,C
B,C
B,C
E,C
E,C
E,C
E,C
E,C
E,C
E,C
E,C
E,C
E,C
E,C
E,C
E,C
E,C
E,C
E,C
B,C
C,C
C,C
C,C
C,C
C,C
C,C
C,C
C,C
C,C
C,C
C,C
C,C
C,C
C,C
D,C
C,C
B,C
B,C
B,C
B,C
B,C
D,C
B,C
B,C
B,C
B,C
E,C
E,C
E,C
E,C
E,C
E,C
E,C
E,C
E,C
C,C
C,C
C,C
C,C
C,C
C,C
C,C
C,C
C,C
C,C
B,C
B,C
B,C
B,C
B,C
B,C
B,C
B,C
B,C
B,C
E,C
E,C
E,C
E,C
E,C
E,C
E,C
E,C
E,C
E,C
C,C
C,C
C,C
C,C
C,C
C,C
C,C
C,C
C,C
C,C
C,C
C,C
C,C
C,C
C,C
C,C
C,C
C,C
C,C
B,C
B,C
B,C
B,C
B,C
B,C
B,C
B,C
B,C
B,C
B,C
B,C
E,C
E,C
E,C
E,C
E,C
E,C
E,C
E,C
E,C
D,C
C,C
C,C
C,C
C,C
C,C
C,C
C,C
C,C
C,C
C,C
C,C
B,C
B,C
B,C
B,C
B,C
B,C
B,C
B,C
B,C
B,C
B,C
B,C
E,C
E,C
E,C
E,C
E,C
E,C
E,C
E,C
E,C
E,C
C,C
C,C
E,C
C,C
E,C
C,C
C,C
C,C
C,C
C,C
C,C
C,C
C,C
C,C
C,C
B,C
C,C
B,C
B,C
B,C
B,C
B,C
B,C
B,C
B,C
B,C
B,C
B,C
B,C
B,C
B,C
B,C
B,C
E,C
E,C
E,C
E,C
E,C
E,C
E,C
E,C
E,C
B,C
C,C
C,C
C,C
C,C
C,C
C,C
C,C
B,C
B,C
B,C
B,C
B,C
B,C
B,C
B,C
B,C
B,C
B,C
D,C
D,C
D,C
D,C
D,C
D,C
D,C
E,C
E,C
E,C
D,C
D,C
D,C
D,C
E,C
E,C
E,C
E,C
E,C
E,C
E,C
B,C
B,C
C,C
C,C
C,C
C,C
C,C
C,C
C,C
C,C
C,C
C,C
C,C
C,C
C,C
C,C
C,C
D,C
D,C
D,C
D,C
C,C
C,C
C,C
C,C
C,C
C,C
C,C
C,C
C,C
C,C
C,C
C,C
C,C
C,C
C,C
C,C
C,C
C,C
C,C
C,C
C,C
C,C
C,C
C,C
C,C
C,C
C,C
C,C
C,C
C,C
C,C
C,C
C,C
E,C
E,C
E,C
B,C
B,C
B,C
B,C
B,C
B,C
B,C
B,C
B,C
B,C
B,C
B,C
B,C
B,C
B,C
B,C
B,C
B,C
B,C
B,C
B,C
B,C
B,C
B,C
B,C
B,C
B,C
B,C
B,C
B,C
B,C
B,C
B,C
B,C
B,C
B,C
B,C
B,C
B,C
B,C
B,C
B,C
B,C
D,C
D,C
B,C
B,C
B,C
D,C
D,C
C,C
C,C
C,C
C,C
C,C
C,C
C,C
C,C
C,C
C,C
C,C
C,C
C,C
C,C
C,C
C,C
C,C
C,C
C,C
C,C
C,C
C,C
C,C
C,C
C,C
C,C
C,C
C,C
C,C
C,C
C,C
C,C
A,C
B,C
B,C
B,C
B,C
B,C
B,C
B,C
B,C
B,C
B,C
B,C
B,C
B,C
B,C
B,C
B,C
B,C
B,C
B,C
B,C
B,C
B,C
B,C
A,C
A,C
A,C
A,C
A,C
A,C
A,C
B,C
B,C
B,C
B,C
B,C
B,C
B,C
B,C
B,C
B,C
B,C
B,C
B,C
B,C
B,C
B,C
B,C
B,C
B,C
B,C
B,C
B,C
C,C
C,C
C,C
C,C
C,C
C,C
C,C
C,C
C,C
C,C
C,C
C,C
C,C
C,C
C,C
C,C
C,C
C,C
C,C
C,C
C,C
C,C
C,C
C,C
C,C
C,C
A,C
C,C
A,C
A,C
A,C
A,C
C,C
C,C
C,C
C,C
C,C
C,C
C,C
C,C
C,C
C,C
C,C
C,C
C,C
C,C
C,C
C,C
C,C
C,C
C,C
C,C
C,C
C,C
C,C
C,C
C,C
C,C
C,C
C,C
C,C
C,C
C,C
C,C
C,C
C,C
C,C
C,C
C,C
C,C
C,C
C,C
C,C
C,C
C,C
C,C
C,C
C,C
C,C
C,C
C,C
C,C
C,C
C,C
C,C
C,C
C,C
C,C
C,C
C,C
C,C
C,C
C,C
C,C
C,C
C,C
C,C
C,C
C,C
C,C
C,C
C,C
C,C
C,C
C,C
C,C
C,C
C,C
C,C
C,C
C,C
C,C
C,C
C,C
C,C
C,C
C,C
C,C
C,C
C,C
C,C
C,C
C,C
C,C
C,C
C,C
C,C
C,C
C,C
C,C
C,C
C,C
C,C
C,C
C,C
C,C
C,C
C,C
C,C
C,C
C,C
C,C
C,C
C,C
C,C
C,C
C,C
C,C
C,C
C,C
C,C
C,C
C,C
C,C
C,C
C,C
C,C
C,C
C,C
C,C
C,C
C,C
C,C
C,C
C,C
C,C
C,C
C,C
C,C
C,C
C,C
C,C
C,C
C,C
C,C
C,C
C,C
C,C
C,C
C,C
C,C
C,C
C,C
C,C
C,C
C,C
C,C
C,C
C,C
C,C
C,C
C,C
C,C
C,C
C,C
C,C
C,C
C,C
C,C
C,C
C,C
C,C
C,C
C,C
C,C
C,C
C,C
C,C
C,C
C,C
C,C
C,C
C,C
C,C
C,C
C,C
C,C
C,C
C,C
C,C
C,C
C,C
C,C
C,C
C,C
C,C
C,C
C,C
C,C
C,C
C,C
C,C
C,C
C,C
C,C
C,C
C,C
C,C
C,C
C,C
C,C
C,C
C,C
C,C
C,C
C,C
C,C
C,C
C,C
C,C
C,C
C,C
C,C
C,C
C,C
C,C
C,C
C,C
C,C
C,C
C,C
C,C
C,C
C,C
C,C
C,C
C,C
C,C
C,C
C,C
C,C
C,C
C,C
C,C
C,C
C,C
C,C
C,C
C,C
C,C
C,C
C,C
C,C
C,C
C,C
C,C
C,C
C,C
C,C
C,C
C,C
C,C
C,C
C,C
C,C
C,C
C,C
C,C
C,C
C,C
C,C
C,C
C,C
C,C
C,C
C,C
C,C
C,C
C,C
C,C
C,C
C,C
C,C
C,C
C,C
C,C
C,C
C,C
C,C
C,C
C,C
C,C
C,C
C,C
C,C
C,C
C,C
C,C
C,C
C,C
C,C
C,C
C,C
C,C
C,C
C,C
C,C
C,C
C,C
C,C
C,C
C,C
C,C
C,C
C,C
C,C
C,C
C,C
C,C
C,C
C,C
C,C
C,C
C,C
C,C
C,C
C,C
C,C
C,C
C,C
C,C
C,C
C,C
C,C
C,C
C,C
C,C
C,C
C,C
C,C
C,C
C,C
C,C
C,C
C,C
C,C
C,C
C,C
C,C
C,C
C,C
C,C
C,C
C,C
C,C
C,C
C,C
C,C
C,C
C,C
C,C
C,C
C,C
C,C
C,C
C,C
C,C
C,C
C,C
C,C
C,C
C,C
C,C
C,C
C,C
C,C
C,C
C,C
C,C
C,C
C,C
C,C
C,C
C,C
C,C
C,C
C,C
C,C
C,C
C,C
C,C
C,C
C,C
C,C
C,C
C,C
C,C
C,C
C,C
C,C
C,C
C,C
C,C
C,C
C,C
C,C
C,C
C,C
C,C
C,C
C,C
B,C
A,C
A,C
A,C
A,C
A,C
A,C
A,C
A,C
A,C
A,C
A,C
A,C
A,C
A,C
A,C
A,C
A,C
A,C
A,C
A,C
A,C
A,C
A,C
A,C
A,C
A,C
A,C
A,C
A,C
A,C
A,C
A,C
A,C
A,C
A,C
A,C
A,C
A,C
A,C
A,C
A,C
A,C
A,C
D,C
D,C
D,C
D,C
D,C
D,C
D,C
D,C
D,C
A,C
A,C
A,C
A,C
A,C
A,C
A,C
A,C
A,C
A,C
A,C
A,C
A,C
A,C
A,C
A,C
A,C
D,C
D,C
D,C
D,C
D,C
D,C
D,C
D,C
D,C
D,C
D,C
D,C
D,C
D,C
D,C
D,C
D,C
D,C
D,C
D,C
D,C
D,C
D,C
D,C
D,C
D,C
D,C
D,C
D,C
D,C
D,C
D,C
D,C
D,C
D,C
D,C
D,C
D,C
D,C
D,C
D,C
D,C
D,C
D,C
D,C
D,C
D,C
D,C
D,C
D,C
D,C
D,C
D,C
D,C
D,C
D,C
C,C
C,C
C,C
C,C
C,C
C,C
C,C
C,C
C,C
C,C
C,C
C,C
C,C
C,C
C,C
C,C
C,C
C,C
C,C
C,C
C,C
C,C
C,C
C,C
C,C
C,C
C,C
C,C
C,C
C,C
C,C
C,C
C,C
C,C
C,C
C,C
C,C
C,C
C,C
C,C
C,C
C,C
C,C
C,C
C,C
C,C
C,C
C,C
C,C
C,C
C,C
C,C
C,C
C,C
C,C
C,C
C,C
C,C
C,C
C,C
C,C
C,C
C,C
C,C
C,C
C,C
D,C
D,C
D,C
D,C
C,C
C,C
C,C
C,C
C,C
C,C
C,C
C,C
C,C
C,C
C,C
C,C
C,C
C,C
C,C
C,C
C,C
C,C
C,C
A,C
A,C
A,C
A,C
A,C
A,C
A,C
A,C
C,C
C,C
C,C
C,C
C,C
C,C
C,C
C,C
B,C
B,C
B,C
B,C
B,C
B,C
A,C
A,C
A,C
A,C
A,C
A,C
A,C
A,C
A,C
A,C
A,C
A,C
A,C
A,C
A,C
A,C
A,C
A,C
A,C
D,C
D,C
D,C
C,C
C,C
C,C
D,C
D,C
C,C
C,C
C,C
C,C
C,C
C,C
C,C
C,C
C,C
C,C
C,C
C,C
C,C
C,C
C,C
C,C
C,C
C,C
C,C
C,C
C,C
C,C
C,C
C,C
C,C
C,C
C,C
C,C
C,C
C,C
C,C
C,C
C,C
C,C
C,C
C,C
C,C
C,C
C,C
C,C
C,C
C,C
C,C
C,C
C,C
C,C
C,C
C,C
C,C
C,C
C,C
C,C
C,C
C,C
C,C
C,C
C,C
C,C
C,C
C,C
C,C
C,C
C,C
C,C
C,C
C,C
C,C
C,C
C,C
C,C
C,C
C,C
C,C
C,C
C,C
C,C
C,C
C,C
C,C
C,C
C,C
C,C
C,C
C,C
C,C
C,C
C,C
C,C
C,C
C,C
C,C
C,C
C,C
C,C
C,C
C,C
C,C
C,C
C,C
C,C
C,C
C,C
C,C
C,C
C,C
C,C
C,C
C,C
C,C
C,C
C,C
C,C
C,C
C,C
C,C
C,C
C,C
C,C
C,C
C,C
C,C
C,C
C,C
C,C
C,C
D,C
D,C
C,C
C,C
C,C
C,C
C,C
C,C
C,C
C,C
C,C
C,C
C,C
C,C
C,C
C,C
C,C
C,C
C,C
C,C
C,C
C,C
C,C
C,C
C,C
C,C
C,C
A,C
C,C
C,C
C,C
C,C
C,C
C,C
C,C
C,C
C,C
C,C
C,C
C,C
C,C
C,C
D,C
C,C
C,C
C,C
C,C
C,C
C,C
C,C
C,C
C,C
C,C
C,C
C,C
C,C
C,C
C,C
C,C
C,C
C,C
C,C
C,C
C,C
C,C
C,C
C,C
C,C
C,C
C,C
C,C
C,C
C,C
C,C
C,C
C,C
C,C
C,C
C,C
C,C
C,C
C,C
C,C
C,C
C,C
C,C
C,C
C,C
C,C
C,C
C,C
C,C
C,C
C,C
C,C
C,C
C,C
C,C
C,C
C,C
C,C
C,C
C,C
C,C
C,C
C,C
C,C
C,C
C,C
C,C
C,C
C,C
C,C
C,C
C,C
C,C
C,C
C,C
C,C
C,C
C,C
C,C
C,C
C,C
C,C
A,C
C,C
C,C
C,C
C,C
C,C
C,C
C,C
C,C
C,C
C,C
D,C
C,C
C,C
C,C
C,C
C,C
C,C
C,C
C,C
C,C
C,C
C,C
C,C
C,C
A,C
C,C
A,C
A,C
A,C
A,C
A,C
C,C
A,C
A,C
A,C
A,C
C,C
C,C
A,C
C,C
C,C
C,C
A,C
C,C
A,C
C,C
C,C
A,C
C,C
C,C
A,C
C,C
C,C
C,C
A,C
A,C
C,C
A,C
C,C
A,C
C,C
C,C
A,C
C,C
C,C
C,C
C,C
C,C
C,C
C,C
C,C
C,C
C,C
C,C
C,C
C,C
C,C
C,C
C,C
C,C
C,C
C,C
C,C
C,C
C,C
C,C
C,C
C,C
C,C
C,C
C,C
C,C
C,C
C,C
C,C
C,C
C,C
C,C
A,C
C,C
A,C
C,C
C,C
C,C
A,C
A,C
A,C
C,C
A,C
C,C
C,C
C,C
C,C
C,C
C,C
C,C
C,C
C,C
C,C
C,C
C,C
C,C
C,C
C,C
C,C
C,C
C,C
C,C
C,C
C,C
C,C
C,C
C,C
C,C
C,C
C,C
C,C
C,C
C,C
C,C
C,C
C,C
C,C
C,C
C,C
C,C
C,C
C,C
C,C
C,C
C,C
C,C
C,C
C,C
C,C
C,C
C,C
C,C
C,C
C,C
C,C
C,C
C,C
C,C
C,C
C,C
C,C
C,C
C,C
C,C
C,C
C,C
C,C
C,C
C,C
C,C
C,C
C,C
C,C
C,C
C,C
C,C
C,C
C,C
C,C
C,C
C,C
C,C
C,C
C,C
C,C
C,C
C,C
C,C
C,C
C,C
C,C
C,C
C,C
C,C
C,C
C,C
C,C
C,C
C,C
C,C
C,C
C,C
C,C
C,C
C,C
C,C
C,C
C,C
C,C
C,C
C,C
C,C
C,C
C,C
C,C
C,C
C,C
C,C
C,C
C,C
C,C
C,C
C,C
C,C
C,C
C,C
C,C
C,C
C,C
C,C
C,C
C,C
C,C
C,C
C,C
C,C
C,C
C,C
C,C
C,C
C,C
C,C
C,C
C,C
C,C
C,C
C,C
C,C
C,C
C,C
C,C
C,C
C,C
C,C
C,C
C,C
C,C
C,C
C,C
C,C
C,C
C,C
C,C
C,C
C,C
C,C
C,C
C,C
C,C
C,C
C,C
C,C
C,C
C,C
C,C
C,C
C,C
C,C
C,C
C,C
C,C
C,C
C,C
C,C
C,C
C,C
C,C
C,C
C,C
C,C
C,C
C,C
C,C
C,C
C,C
B,C
B,C
B,C
B,C
B,C
C,C
C,C
C,C
C,C
C,C
C,C
C,C
B,C
B,C
B,C
B,C
B,C
B,C
B,C
B,C
C,C
C,C
C,C
C,C
C,C
C,C
C,C
C,C
C,C
C,C
C,C
C,C
C,C
C,C
C,C
C,C
B,C
B,C
B,C
B,C
D,C
D,C
D,C
D,C
D,C
D,C
D,C
D,C
D,C
D,C
D,C
D,C
D,C
D,C
D,C
D,C
D,C
D,C
C,C
C,C
C,C
C,C
C,C
C,C
C,C
C,C
C,C
C,C
C,C
C,C
C,C
C,C
C,C
C,C
C,C
C,C
C,C
C,C
C,C
C,C
D,C
D,C
D,C
D,C
C,C
C,C
C,C
C,C
C,C
C,C
C,C
C,C
C,C
C,C
C,C
C,C
C,C
C,C
C,C
C,C
C,C
C,C
C,C
C,C
C,C
C,C
C,C
C,C
C,C
C,C
C,C
C,C
C,C
C,C
C,C
C,C
C,C
C,C
C,C
C,C
C,C
C,C
C,C
C,C
C,C
C,C
C,C
C,C
C,C
C,C
C,C
C,C
C,C
C,C
C,C
C,C
C,C
C,C
C,C
C,C
C,C
C,C
C,C
C,C
C,C
C,C
C,C
C,C
C,C
C,C
C,C
C,C
C,C
C,C
C,C
C,C
C,C
C,C
C,C
C,C
C,C
C,C
C,C
C,C
C,C
C,C
C,C
C,C
C,C
C,C
C,C
C,C
C,C
C,C
C,C
C,C
C,C
C,C
C,C
C,C
C,C
C,C
C,C
C,C
C,C
C,C
C,C
C,C
C,C
C,C
C,C
C,C
C,C
C,C
C,C
C,C
C,C
C,C
C,C
C,C
C,C
C,C
C,C
C,C
C,C
C,C
C,C
C,C
C,C
C,C
C,C
C,C
C,C
C,C
C,C
C,C
C,C
C,C
C,C
C,C
C,C
C,C
C,C
C,C
C,C
C,C
C,C
C,C
C,C
C,C
C,C
C,C
D,C
D,C
D,C
D,C
C,C
D,C
D,C
D,C
D,C
C,C
C,C
C,C
C,C
C,C
C,C
C,C
C,C
C,C
C,C
C,C
C,C
C,C
C,C
C,C
C,C
C,C
C,C
C,C
C,C
C,C
C,C
C,C
C,C
C,C
C,C
C,C
C,C
C,C
C,C
C,C
C,C
C,C
C,C
C,C
C,C
C,C
C,C
C,C
C,C
C,C
A,D
A,D
A,D
A,D
A,D
A,D
A,D
A,D
A,D
A,D
D,D
D,D
D,D
D,D
D,D
D,D
D,D
D,D
D,D
D,D
D,D
D,D
D,D
D,D
D,D
D,D
A,D
A,D
A,D
A,D
A,D
A,D
A,D
A,D
A,D
A,D
A,D
A,D
A,D
A,D
A,D
A,D
A,D
A,D
A,D
A,D
A,D
A,D
D,D
D,D
D,D
D,D
D,D
D,D
D,D
D,D
D,D
D,D
D,D
D,D
D,D
D,D
D,D
D,D
D,D
D,D
A,D
A,D
A,D
A,D
A,D
A,D
D,D
D,D
D,D
D,D
D,D
D,D
D,D
D,D
B,D
A,D
A,D
A,D
A,D
A,D
A,D
A,D
A,D
A,D
A,D
A,D
A,D
A,D
A,D
A,D
B,D
B,D
D,D
D,D
D,D
D,D
D,D
D,D
D,D
D,D
D,D
D,D
D,D
D,D
D,D
D,D
D,D
D,D
D,D
D,D
D,D
D,D
D,D
D,D
D,D
D,D
A,D
A,D
A,D
A,D
A,D
A,D
A,D
A,D
A,D
A,D
A,D
A,D
A,D
A,D
A,D
A,D
A,D
A,D
A,D
A,D
A,D
A,D
A,D
A,D
C,D
C,D
C,D
C,D
C,D
C,D
C,D
C,D
C,D
C,D
C,D
C,D
C,D
C,D
C,D
C,D
C,D
C,D
C,D
C,D
C,D
C,D
C,D
C,D
C,D
C,D
C,D
A,D
A,D
A,D
A,D
A,D
A,D
A,D
A,D
A,D
A,D
A,D
A,D
A,D
A,D
A,D
C,D
C,D
C,D
A,D
A,D
A,D
A,D
C,D
C,D
C,D
C,D
C,D
C,D
C,D
C,D
C,D
A,D
A,D
A,D
A,D
A,D
A,D
A,D
A,D
A,D
A,D
A,D
A,D
A,D
A,D
A,D
A,D
A,D
A,D
A,D
A,D
A,D
A,D
A,D
A,D
A,D
A,D
C,D
C,D
C,D
C,D
C,D
C,D
C,D
C,D
C,D
C,D
C,D
C,D
C,D
C,D
C,D
C,D
C,D
C,D
C,D
A,D
A,D
B,D
B,D
B,D
B,D
B,D
B,D
B,D
B,D
B,D
B,D
C,D
C,D
C,D
C,D
C,D
C,D
C,D
C,D
C,D
C,D
C,D
C,D
C,D
C,D
C,D
C,D
C,D
C,D
B,D
C,D
C,D
C,D
C,D
C,D
C,D
C,D
C,D
C,D
C,D
C,D
C,D
C,D
C,D
C,D
C,D
C,D
C,D
C,D
C,D
C,D
C,D
C,D
C,D
C,D
C,D
C,D
C,D
C,D
B,D
B,D
B,D
B,D
B,D
B,D
B,D
B,D
B,D
B,D
B,D
B,D
C,D
C,D
C,D
C,D
C,D
C,D
C,D
C,D
C,D
C,D
C,D
C,D
C,D
C,D
C,D
C,D
C,D
C,D
C,D
C,D
C,D
C,D
C,D
C,D
C,D
C,D
C,D
B,D
B,D
B,D
B,D
C,D
C,D
C,D
C,D
C,D
C,D
C,D
C,D
C,D
C,D
C,D
C,D
B,D
B,D
B,D
B,D
B,D
B,D
B,D
B,D
B,D
B,D
B,D
B,D
B,D
B,D
B,D
B,D
B,D
C,D
C,D
C,D
C,D
C,D
C,D
C,D
C,D
C,D
C,D
C,D
C,D
C,D
C,D
C,D
C,D
C,D
C,D
C,D
C,D
C,D
C,D
C,D
C,D
C,D
C,D
C,D
C,D
C,D
C,D
B,D
C,D
C,D
C,D
C,D
C,D
C,D
C,D
C,D
C,D
C,D
C,D
C,D
C,D
C,D
C,D
C,D
C,D
C,D
B,D
B,D
B,D
B,D
B,D
B,D
B,D
B,D
B,D
B,D
B,D
B,D
B,D
B,D
B,D
B,D
B,D
B,D
C,D
C,D
C,D
C,D
C,D
C,D
C,D
C,D
C,D
C,D
C,D
C,D
C,D
C,D
C,D
C,D
C,D
C,D
C,D
C,D
C,D
C,D
C,D
C,D
C,D
C,D
C,D
C,D
C,D
B,D
B,D
B,D
B,D
B,D
B,D
B,D
A,D
B,D
B,D
B,D
B,D
B,D
B,D
B,D
B,D
B,D
C,D
C,D
C,D
C,D
C,D
C,D
C,D
C,D
C,D
C,D
C,D
C,D
C,D
C,D
C,D
C,D
C,D
B,D
B,D
B,D
B,D
B,D
B,D
B,D
B,D
B,D
B,D
B,D
B,D
B,D
B,D
B,D
B,D
C,D
D,D
D,D
D,D
D,D
D,D
D,D
D,D
D,D
D,D
D,D
D,D
D,D
D,D
D,D
D,D
D,D
D,D
D,D
D,D
D,D
D,D
D,D
D,D
D,D
D,D
D,D
D,D
D,D
D,D
D,D
D,D
D,D
D,D
D,D
D,D
D,D
D,D
D,D
D,D
D,D
D,D
D,D
D,D
D,D
D,D
D,D
D,D
D,D
D,D
D,D
D,D
D,D
D,D
D,D
D,D
D,D
D,D
D,D
D,D
D,D
D,D
D,D
D,D
D,D
D,D
D,D
D,D
D,D
D,D
D,D
D,D
D,D
D,D
D,D
D,D
D,D
D,D
D,D
D,D
D,D
D,D
D,D
D,D
D,D
D,D
D,D
D,D
D,D
D,D
D,D
D,D
D,D
D,D
D,D
D,D
D,D
D,D
D,D
D,D
D,D
D,D
D,D
D,D
D,D
D,D
D,D
D,D
D,D
D,D
D,D
D,D
D,D
D,D
D,D
D,D
D,D
D,D
D,D
D,D
D,D
D,D
D,D
D,D
D,D
D,D
D,D
D,D
D,D
D,D
D,D
D,D
D,D
D,D
D,D
D,D
D,D
D,D
D,D
D,D
D,D
D,D
D,D
D,D
D,D
D,D
D,D
D,D
D,D
D,D
D,D
D,D
D,D
D,D
D,D
D,D
D,D
D,D
D,D
D,D
D,D
D,D
D,D
D,D
D,D
D,D
D,D
D,D
D,D
D,D
D,D
D,D
D,D
D,D
D,D
D,D
D,D
D,D
D,D
D,D
D,D
D,D
D,D
D,D
D,D
D,D
D,D
D,D
D,D
D,D
D,D
D,D
D,D
D,D
D,D
D,D
D,D
D,D
D,D
D,D
D,D
D,D
D,D
D,D
D,D
D,D
D,D
D,D
D,D
D,D
D,D
D,D
D,D
D,D
D,D
D,D
D,D
D,D
D,D
D,D
D,D
D,D
D,D
D,D
D,D
D,D
D,D
D,D
D,D
D,D
D,D
D,D
D,D
D,D
D,D
D,D
D,D
D,D
D,D
D,D
D,D
D,D
D,D
D,D
D,D
D,D
D,D
D,D
D,D
D,D
D,D
D,D
D,D
D,D
D,D
D,D
D,D
B,D
B,D
B,D
B,D
B,D
B,D
B,D
D,D
D,D
D,D
B,D
B,D
B,D
B,D
D,D
D,D
D,D
D,D
D,D
D,D
D,D
D,D
D,D
D,D
D,D
D,D
D,D
D,D
D,D
D,D
D,D
D,D
D,D
D,D
D,D
D,D
D,D
D,D
D,D
D,D
D,D
D,D
D,D
D,D
D,D
D,D
D,D
C,D
C,D
C,D
C,D
C,D
C,D
C,D
C,D
C,D
C,D
C,D
C,D
C,D
C,D
C,D
C,D
C,D
D,D
D,D
D,D
D,D
D,D
D,D
D,D
D,D
D,D
D,D
D,D
D,D
D,D
D,D
D,D
D,D
D,D
D,D
D,D
D,D
D,D
D,D
D,D
D,D
D,D
D,D
D,D
D,D
D,D
D,D
D,D
D,D
D,D
D,D
D,D
C,D
C,D
C,D
C,D
C,D
C,D
C,D
C,D
C,D
C,D
C,D
C,D
C,D
C,D
D,D
D,D
D,D
D,D
D,D
D,D
D,D
D,D
D,D
D,D
D,D
D,D
D,D
D,D
D,D
D,D
D,D
D,D
D,D
D,D
D,D
D,D
D,D
D,D
D,D
D,D
D,D
D,D
D,D
D,D
D,D
D,D
D,D
D,D
D,D
D,D
D,D
D,D
C,D
C,D
C,D
C,D
C,D
D,D
D,D
D,D
D,D
D,D
D,D
D,D
D,D
D,D
D,D
D,D
D,D
D,D
D,D
D,D
D,D
D,D
D,D
D,D
D,D
D,D
D,D
D,D
D,D
E,D
E,D
E,D
E,D
E,D
E,D
E,D
C,D
C,D
C,D
C,D
C,D
C,D
C,D
C,D
C,D
C,D
C,D
C,D
C,D
C,D
C,D
D,D
D,D
D,D
D,D
D,D
D,D
D,D
D,D
A,D
D,D
D,D
D,D
D,D
D,D
D,D
D,D
D,D
D,D
D,D
D,D
D,D
D,D
D,D
D,D
D,D
D,D
D,D
D,D
D,D
D,D
D,D
D,D
D,D
D,D
E,D
E,D
E,D
E,D
E,D
E,D
D,D
E,D
E,D
C,D
E,D
C,D
E,D
C,D
C,D
C,D
C,D
C,D
C,D
C,D
C,D
C,D
A,D
D,D
D,D
D,D
D,D
D,D
D,D
D,D
A,D
A,D
A,D
D,D
D,D
D,D
D,D
D,D
D,D
D,D
D,D
A,D
C,D
C,D
C,D
C,D
C,D
C,D
E,D
E,D
E,D
E,D
E,D
E,D
E,D
E,D
E,D
E,D
E,D
E,D
E,D
E,D
E,D
E,D
D,D
D,D
D,D
D,D
D,D
D,D
D,D
D,D
D,D
D,D
D,D
D,D
D,D
D,D
D,D
D,D
D,D
D,D
D,D
D,D
D,D
D,D
D,D
D,D
D,D
D,D
D,D
D,D
D,D
D,D
D,D
D,D
D,D
D,D
D,D
D,D
D,D
C,D
E,D
E,D
E,D
E,D
E,D
E,D
E,D
E,D
E,D
E,D
E,D
E,D
E,D
D,D
D,D
D,D
D,D
D,D
D,D
D,D
D,D
D,D
D,D
D,D
D,D
D,D
D,D
D,D
D,D
D,D
D,D
D,D
D,D
D,D
D,D
D,D
D,D
D,D
D,D
D,D
D,D
D,D
E,D
E,D
E,D
E,D
E,D
E,D
E,D
E,D
E,D
E,D
E,D
E,D
E,D
E,D
E,D
E,D
E,D
E,D
E,D
E,D
E,D
E,D
D,D
D,D
D,D
D,D
D,D
D,D
D,D
D,D
D,D
D,D
D,D
D,D
D,D
D,D
D,D
D,D
D,D
D,D
D,D
D,D
D,D
D,D
D,D
D,D
D,D
D,D
D,D
B,D
B,D
B,D
B,D
B,D
B,D
B,D
B,D
E,D
E,D
E,D
E,D
E,D
E,D
E,D
E,D
E,D
E,D
E,D
E,D
E,D
E,D
E,D
D,D
D,D
E,D
D,D
D,D
D,D
D,D
D,D
D,D
D,D
D,D
D,D
D,D
D,D
D,D
D,D
D,D
D,D
D,D
D,D
D,D
D,D
D,D
D,D
D,D
D,D
D,D
D,D
C,D
D,D
D,D
D,D
D,D
D,D
D,D
D,D
D,D
D,D
D,D
C,D
A,D
D,D
D,D
D,D
D,D
D,D
D,D
D,D
D,D
D,D
D,D
D,D
D,D
C,D
C,D
C,D
C,D
C,D
C,D
C,D
C,D
C,D
E,D
B,D
B,D
B,D
B,D
B,D
B,D
B,D
B,D
B,D
B,D
B,D
B,D
D,D
D,D
D,D
D,D
D,D
D,D
D,D
D,D
D,D
D,D
D,D
D,D
D,D
D,D
D,D
E,D
E,D
E,D
E,D
E,D
E,D
E,D
E,D
E,D
E,D
E,D
E,D
E,D
E,D
E,D
E,D
E,D
E,D
E,D
E,D
E,D
B,D
B,D
B,D
B,D
B,D
B,D
B,D
B,D
B,D
B,D
B,D
B,D
B,D
B,D
B,D
B,D
B,D
B,D
B,D
B,D
B,D
B,D
B,D
E,D
E,D
E,D
E,D
E,D
E,D
E,D
E,D
E,D
E,D
E,D
E,D
D,D
D,D
D,D
D,D
D,D
D,D
D,D
D,D
D,D
D,D
B,D
D,D
D,D
B,D
B,D
B,D
B,D
B,D
B,D
B,D
B,D
D,D
B,D
D,D
D,D
D,D
D,D
D,D
D,D
D,D
D,D
D,D
D,D
D,D
D,D
D,D
D,D
D,D
D,D
D,D
D,D
D,D
D,D
D,D
D,D
D,D
D,D
D,D
D,D
D,D
D,D
D,D
D,D
D,D
D,D
D,D
D,D
B,D
D,D
D,D
D,D
D,D
D,D
D,D
D,D
D,D
D,D
D,D
D,D
D,D
D,D
D,D
D,D
D,D
D,D
D,D
D,D
D,D
D,D
D,D
D,D
D,D
D,D
D,D
D,D
D,D
D,D
D,D
D,D
D,D
D,D
B,D
B,D
B,D
B,D
B,D
B,D
D,D
D,D
B,D
B,D
D,D
D,D
D,D
D,D
D,D
D,D
D,D
D,D
D,D
D,D
D,D
D,D
D,D
D,D
D,D
D,D
D,D
D,D
D,D
D,D
D,D
D,D
D,D
D,D
D,D
D,D
D,D
D,D
D,D
D,D
D,D
D,D
D,D
D,D
D,D
D,D
D,D
D,D
D,D
D,D
D,D
D,D
D,D
D,D
D,D
D,D
D,D
D,D
D,D
D,D
D,D
D,D
D,D
D,D
D,D
D,D
D,D
D,D
D,D
D,D
D,D
D,D
D,D
D,D
D,D
D,D
D,D
D,D
D,D
D,D
D,D
D,D
D,D
D,D
D,D
D,D
D,D
D,D
A,D
A,D
D,D
D,D
A,D
D,D
D,D
D,D
D,D
C,D
C,D
C,D
C,D
C,D
C,D
C,D
C,D
C,D
C,D
D,D
D,D
D,D
D,D
C,D
C,D
C,D
C,D
C,D
C,D
C,D
C,D
C,D
C,D
C,D
C,D
C,D
D,D
D,D
D,D
D,D
D,D
D,D
D,D
D,D
D,D
D,D
B,D
D,D
D,D
D,D
D,D
D,D
D,D
D,D
D,D
D,D
D,D
B,D
D,D
D,D
D,D
B,D
B,D
C,D
D,D
D,D
D,D
D,D
C,D
C,D
C,D
C,D
C,D
D,D
D,D
D,D
D,D
D,D
D,D
D,D
D,D
D,D
D,D
D,D
D,D
D,D
D,D
D,D
D,D
D,D
D,D
D,D
D,D
D,D
B,D
B,D
B,D
D,D
D,D
B,D
B,D
B,D
B,D
B,D
D,D
B,D
B,D
D,D
D,D
D,D
D,D
D,D
D,D
D,D
D,D
D,D
D,D
D,D
D,D
D,D
D,D
D,D
D,D
D,D
D,D
D,D
D,D
D,D
D,D
D,D
D,D
D,D
D,D
D,D
D,D
D,D
D,D
D,D
D,D
D,D
D,D
D,D
D,D
D,D
D,D
D,D
D,D
D,D
D,D
D,D
D,D
D,D
D,D
D,D
D,D
D,D
D,D
D,D
D,D
D,D
D,D
E,D
D,D
D,D
D,D
D,D
D,D
D,D
D,D
D,D
D,D
D,D
D,D
D,D
D,D
D,D
D,D
D,D
D,D
D,D
D,D
D,D
D,D
D,D
D,D
D,D
D,D
E,D
E,D
D,D
D,D
E,D
E,D
D,D
D,D
E,D
D,D
D,D
D,D
D,D
D,D
E,D
E,D
D,D
B,D
D,D
D,D
D,D
D,D
D,D
D,D
D,D
D,D
D,D
D,D
D,D
D,D
D,D
D,D
D,D
D,D
D,D
D,D
D,D
D,D
D,D
D,D
D,D
D,D
D,D
D,D
D,D
D,D
D,D
D,D
D,D
D,D
D,D
B,D
B,D
B,D
B,D
B,D
D,D
D,D
D,D
D,D
D,D
D,D
D,D
D,D
D,D
D,D
D,D
D,D
D,D
D,D
D,D
D,D
D,D
D,D
D,D
D,D
D,D
E,D
E,D
B,D
B,D
B,D
B,D
B,D
B,D
B,D
B,D
B,D
B,D
B,D
B,D
D,D
D,D
D,D
D,D
D,D
D,D
D,D
D,D
D,D
D,D
D,D
D,D
D,D
D,D
D,D
D,D
D,D
D,D
D,D
D,D
D,D
D,D
D,D
D,D
D,D
D,D
D,D
D,D
D,D
D,D
D,D
D,D
D,D
D,D
D,D
D,D
D,D
D,D
D,D
D,D
D,D
D,D
D,D
D,D
B,D
B,D
B,D
B,D
D,D
D,D
D,D
D,D
D,D
D,D
D,D
D,D
D,D
D,D
D,D
D,D
D,D
D,D
D,D
D,D
D,D
D,D
D,D
D,D
D,D
D,D
D,D
D,D
D,D
D,D
D,D
D,D
D,D
D,D
D,D
D,D
B,D
D,D
D,D
D,D
D,D
D,D
D,D
D,D
D,D
D,D
D,D
D,D
D,D
D,D
D,D
D,D
D,D
D,D
D,D
D,D
D,D
D,D
D,D
D,D
D,D
E,D
D,D
E,D
D,D
E,D
D,D
D,D
D,D
B,D
D,D
D,D
D,D
D,D
D,D
D,D
D,D
D,D
D,D
D,D
D,D
D,D
D,D
D,D
D,D
D,D
D,D
D,D
D,D
D,D
D,D
D,D
D,D
D,D
D,D
D,D
D,D
D,D
D,D
D,D
D,D
D,D
D,D
D,D
D,D
D,D
D,D
D,D
D,D
D,D
D,D
D,D
D,D
D,D
D,D
D,D
D,D
D,D
D,D
D,D
D,D
D,D
D,D
D,D
D,D
D,D
D,D
D,D
D,D
D,D
D,D
D,D
D,D
D,D
D,D
D,D
D,D
D,D
D,D
D,D
D,D
D,D
D,D
D,D
D,D
D,D
D,D
D,D
D,D
D,D
D,D
D,D
D,D
D,D
D,D
D,D
D,D
D,D
D,D
D,D
D,D
D,D
D,D
D,D
D,D
D,D
D,D
D,D
D,D
D,D
D,D
D,D
D,D
D,D
D,D
D,D
D,D
D,D
D,D
D,D
D,D
D,D
D,D
D,D
D,D
D,D
D,D
D,D
D,D
D,D
D,D
D,D
D,D
D,D
D,D
D,D
D,D
D,D
D,D
D,D
D,D
D,D
D,D
D,D
D,D
D,D
D,D
D,D
D,D
D,D
D,D
D,D
D,D
D,D
D,D
D,D
D,D
D,D
D,D
D,D
D,D
D,D
D,D
D,D
D,D
D,D
D,D
D,D
D,D
D,D
D,D
D,D
D,D
D,D
D,D
D,D
D,D
D,D
D,D
D,D
D,D
D,D
D,D
D,D
D,D
D,D
D,D
D,D
D,D
D,D
D,D
D,D
D,D
D,D
D,D
D,D
D,D
D,D
D,D
D,D
A,D
A,D
A,D
A,D
D,D
D,D
D,D
D,D
D,D
D,D
D,D
D,D
D,D
D,D
D,D
D,D
D,D
D,D
D,D
D,D
D,D
D,D
D,D
D,D
D,D
D,D
D,D
D,D
D,D
D,D
D,D
D,D
D,D
D,D
D,D
D,D
D,D
D,D
D,D
D,D
D,D
D,D
D,D
D,D
D,D
D,D
D,D
D,D
D,D
D,D
D,D
D,D
D,D
D,D
D,D
D,D
D,D
D,D
D,D
D,D
D,D
D,D
D,D
D,D
D,D
D,D
D,D
D,D
D,D
D,D
D,D
D,D
D,D
D,D
D,D
D,D
D,D
D,D
D,D
D,D
D,D
D,D
D,D
D,D
D,D
D,D
D,D
D,D
D,D
D,D
D,D
D,D
D,D
D,D
D,D
D,D
D,D
D,D
D,D
D,D
D,D
D,D
D,D
D,D
D,D
D,D
D,D
D,D
D,D
D,D
D,D
D,D
D,D
D,D
D,D
D,D
D,D
D,D
D,D
D,D
D,D
D,D
D,D
D,D
D,D
D,D
D,D
D,D
D,D
D,D
D,D
D,D
D,D
D,D
D,D
D,D
D,D
D,D
D,D
D,D
D,D
D,D
D,D
D,D
D,D
D,D
D,D
D,D
D,D
D,D
D,D
D,D
D,D
D,D
D,D
D,D
D,D
D,D
D,D
C,D
B,D
B,D
B,D
B,D
B,D
B,D
B,D
B,D
B,D
B,D
B,D
B,D
B,D
B,D
B,D
B,D
B,D
B,D
B,D
B,D
B,D
A,D
A,D
A,D
A,D
A,D
A,D
A,D
A,D
A,D
A,D
A,D
A,D
A,D
A,D
A,D
A,D
B,D
B,D
B,D
A,D
A,D
A,D
A,D
A,D
A,D
A,D
A,D
A,D
A,D
A,D
A,D
A,D
A,D
A,D
A,D
A,D
A,D
A,D
A,D
A,D
A,D
A,D
D,D
D,D
D,D
D,D
D,D
D,D
D,D
D,D
D,D
D,D
D,D
D,D
D,D
D,D
D,D
D,D
D,D
D,D
D,D
D,D
D,D
D,D
D,D
D,D
D,D
D,D
D,D
D,D
D,D
D,D
D,D
D,D
D,D
D,D
D,D
D,D
D,D
D,D
D,D
D,D
D,D
D,D
D,D
D,D
D,D
D,D
D,D
D,D
D,D
D,D
D,D
D,D
D,D
D,D
D,D
D,D
D,D
D,D
D,D
D,D
D,D
D,D
D,D
D,D
D,D
D,D
D,D
D,D
D,D
D,D
D,D
D,D
D,D
D,D
D,D
D,D
D,D
D,D
D,D
D,D
D,D
D,D
D,D
D,D
D,D
D,D
D,D
D,D
D,D
D,D
D,D
D,D
D,D
D,D
D,D
D,D
D,D
D,D
D,D
D,D
D,D
D,D
D,D
D,D
D,D
D,D
D,D
D,D
D,D
D,D
D,D
D,D
C,D
C,D
C,D
C,D
C,D
C,D
C,D
C,D
C,D
D,D
D,D
D,D
D,D
D,D
D,D
D,D
D,D
D,D
D,D
D,D
D,D
D,D
D,D
D,D
D,D
D,D
D,D
D,D
D,D
D,D
D,D
D,D
D,D
D,D
D,D
D,D
C,D
C,D
C,D
C,D
C,D
C,D
C,D
C,D
C,D
C,D
C,D
C,D
C,D
C,D
D,D
D,D
D,D
D,D
C,D
C,D
C,D
D,D
D,D
D,D
D,D
D,D
D,D
D,D
D,D
D,D
D,D
D,D
D,D
D,D
D,D
D,D
D,D
D,D
D,D
D,D
D,D
D,D
D,D
C,D
D,D
C,D
C,D
D,D
D,D
D,D
D,D
A,D
D,D
A,D
A,D
A,D
D,D
D,D
A,D
A,D
A,D
A,D
A,D
A,D
A,D
A,D
A,D
D,D
D,D
D,D
A,D
D,D
D,D
D,D
D,D
D,D
D,D
D,D
D,D
D,D
D,D
D,D
D,D
D,D
D,D
D,D
D,D
D,D
D,D
D,D
D,D
D,D
D,D
D,D
D,D
D,D
D,D
D,D
D,D
D,D
D,D
D,D
D,D
D,D
D,D
D,D
D,D
D,D
D,D
D,D
D,D
D,D
D,D
D,D
D,D
D,D
D,D
D,D
D,D
D,D
D,D
D,D
D,D
D,D
D,D
D,D
D,D
D,D
D,D
D,D
D,D
D,D
D,D
D,D
D,D
D,D
D,D
D,D
D,D
D,D
D,D
D,D
D,D
D,D
D,D
D,D
D,D
D,D
D,D
D,D
D,D
D,D
D,D
D,D
D,D
D,D
D,D
D,D
D,D
D,D
D,D
D,D
D,D
D,D
D,D
D,D
D,D
D,D
D,D
D,D
D,D
D,D
D,D
D,D
D,D
D,D
D,D
D,D
D,D
D,D
D,D
D,D
D,D
D,D
D,D
D,D
D,D
D,D
D,D
D,D
D,D
D,D
D,D
D,D
D,D
D,D
D,D
D,D
D,D
D,D
D,D
D,D
D,D
D,D
D,D
D,D
D,D
D,D
D,D
D,D
D,D
D,D
D,D
D,D
D,D
D,D
D,D
D,D
D,D
D,D
D,D
D,D
D,D
D,D
D,D
D,D
D,D
D,D
D,D
D,D
D,D
D,D
D,D
D,D
D,D
D,D
D,D
D,D
D,D
D,D
D,D
D,D
D,D
D,D
D,D
D,D
D,D
D,D
D,D
D,D
D,D
D,D
D,D
D,D
D,D
D,D
D,D
D,D
D,D
D,D
D,D
D,D
D,D
D,D
D,D
D,D
D,D
D,D
D,D
D,D
D,D
D,D
D,D
D,D
D,D
D,D
D,D
D,D
D,D
D,D
D,D
D,D
D,D
D,D
D,D
D,D
D,D
D,D
D,D
D,D
D,D
A,D
A,D
A,D
A,D
D,D
D,D
D,D
D,D
D,D
D,D
D,D
D,D
D,D
D,D
D,D
D,D
D,D
D,D
D,D
D,D
D,D
D,D
D,D
D,D
D,D
D,D
D,D
D,D
D,D
D,D
D,D
D,D
D,D
D,D
D,D
D,D
D,D
D,D
D,D
D,D
D,D
D,D
D,D
D,D
D,D
D,D
D,D
D,D
D,D
D,D
D,D
D,D
D,D
D,D
D,D
D,D
D,D
D,D
D,D
D,D
D,D
D,D
D,D
D,D
D,D
D,D
D,D
D,D
D,D
D,D
D,D
D,D
D,D
D,D
D,D
D,D
D,D
D,D
D,D
D,D
D,D
D,D
D,D
D,D
D,D
E,D
D,D
D,D
D,D
D,D
D,D
D,D
D,D
D,D
D,D
D,D
D,D
D,D
D,D
D,D
D,D
D,D
D,D
D,D
D,D
D,D
D,D
D,D
E,D
D,D
D,D
D,D
D,D
B,D
E,D
D,D
D,D
D,D
D,D
D,D
D,D
D,D
D,D
D,D
D,D
D,D
D,D
D,D
D,D
D,D
D,D
D,D
D,D
D,D
E,D
D,D
D,D
E,D
E,D
D,D
D,D
E,D
D,D
D,D
D,D
D,D
E,D
E,D
E,D
E,D
D,D
E,D
E,D
E,D
E,D
E,D
C,D
C,D
C,D
D,D
D,D
C,D
C,D
C,D
D,D
D,D
D,D
D,D
D,D
D,D
D,D
D,D
D,D
D,D
A,D
A,D
A,D
A,D
D,D
D,D
D,D
D,D
D,D
D,D
D,D
D,D
D,D
D,D
D,D
D,D
D,D
D,D
D,D
D,D
D,D
D,D
D,D
D,D
D,D
C,D
C,D
C,D
C,D
C,D
C,D
C,D
C,D
C,D
C,D
C,D
C,D
C,D
C,D
C,D
C,D
C,D
C,D
C,D
C,D
C,D
C,D
D,D
D,D
D,D
D,D
D,D
D,D
D,D
D,D
D,D
D,D
D,D
D,D
D,D
D,D
D,D
D,D
D,D
D,D
D,D
D,D
D,D
D,D
D,D
D,D
D,D
D,D
D,D
D,D
D,D
D,D
D,D
D,D
D,D
D,D
D,D
C,D
C,D
C,D
C,D
C,D
C,D
C,D
C,D
C,D
C,D
C,D
C,D
C,D
C,D
B,D
B,D
B,D
B,D
B,D
B,D
B,D
B,D
B,D
B,D
B,D
B,D
B,D
B,D
B,D
B,D
B,D
C,D
C,D
C,D
C,D
C,D
C,D
C,D
C,D
C,D
B,D
B,D
B,D
B,D
B,D
B,D
B,D
B,D
C,D
C,D
C,D
C,D
C,D
C,D
C,D
C,D
C,D
C,D
C,D
C,D
C,D
C,D
C,D
C,D
C,D
C,D
C,D
C,D
C,D
C,D
B,D
B,D
B,D
B,D
B,D
B,D
B,D
C,D
C,D
C,D
C,D
C,D
C,D
B,D
B,D
B,D
B,D
B,D
C,D
C,D
C,D
C,D
C,D
C,D
C,D
C,D
C,D
C,D
C,D
C,D
A,D
D,D
D,D
D,D
D,D
D,D
D,D
D,D
D,D
D,D
D,D
D,D
D,D
D,D
D,D
D,D
D,D
D,D
D,D
D,D
D,D
D,D
D,D
D,D
D,D
D,D
D,D
D,D
D,D
D,D
D,D
B,D
B,D
B,D
B,D
B,D
B,D
B,D
B,D
D,D
D,D
D,D
D,D
D,D
D,D
D,D
D,D
D,D
D,D
D,D
D,D
D,D
D,D
D,D
D,D
A,E
A,E
A,E
A,E
A,E
A,E
A,E
A,E
A,E
A,E
A,E
A,E
A,E
A,E
A,E
A,E
A,E
A,E
A,E
A,E
A,E
A,E
A,E
A,E
A,E
A,E
A,E
A,E
A,E
A,E
A,E
A,E
A,E
A,E
A,E
A,E
B,E
B,E
B,E
B,E
B,E
B,E
B,E
B,E
E,E
E,E
E,E
E,E
E,E
E,E
E,E
E,E
E,E
E,E
E,E
E,E
E,E
E,E
E,E
E,E
E,E
E,E
E,E
E,E
E,E
E,E
E,E
E,E
E,E
E,E
E,E
E,E
E,E
E,E
E,E
E,E
E,E
E,E
E,E
E,E
E,E
E,E
E,E
E,E
E,E
E,E
E,E
E,E
E,E
E,E
E,E
E,E
E,E
E,E
E,E
E,E
E,E
E,E
E,E
E,E
E,E
E,E
E,E
E,E
E,E
E,E
E,E
E,E
E,E
E,E
E,E
E,E
E,E
E,E
E,E
E,E
E,E
E,E
E,E
E,E
E,E
E,E
E,E
E,E
E,E
E,E
E,E
E,E
E,E
E,E
E,E
E,E
E,E
E,E
E,E
E,E
E,E
E,E
E,E
E,E
E,E
E,E
E,E
E,E
E,E
E,E
E,E
E,E
E,E
E,E
E,E
E,E
E,E
E,E
E,E
E,E
E,E
E,E
E,E
E,E
E,E
E,E
E,E
E,E
E,E
E,E
E,E
E,E
E,E
E,E
E,E
E,E
E,E
E,E
A,E
A,E
A,E
A,E
B,E
B,E
B,E
B,E
B,E
B,E
A,E
A,E
A,E
A,E
A,E
A,E
A,E
A,E
A,E
A,E
A,E
B,E
B,E
B,E
B,E
B,E
B,E
B,E
B,E
B,E
B,E
E,E
E,E
E,E
E,E
E,E
B,E
B,E
B,E
B,E
B,E
B,E
B,E
B,E
B,E
B,E
B,E
B,E
B,E
B,E
E,E
E,E
E,E
E,E
E,E
E,E
E,E
E,E
E,E
E,E
E,E
E,E
E,E
E,E
E,E
E,E
E,E
E,E
E,E
E,E
E,E
E,E
E,E
E,E
E,E
E,E
E,E
B,E
B,E
B,E
B,E
B,E
B,E
A,E
A,E
A,E
A,E
A,E
A,E
A,E
A,E
A,E
A,E
A,E
A,E
A,E
A,E
A,E
A,E
A,E
B,E
B,E
B,E
B,E
B,E
B,E
B,E
B,E
B,E
B,E
B,E
B,E
B,E
B,E
E,E
E,E
E,E
E,E
E,E
E,E
E,E
E,E
E,E
E,E
E,E
E,E
E,E
E,E
E,E
E,E
E,E
E,E
E,E
E,E
E,E
E,E
E,E
E,E
B,E
B,E
B,E
B,E
B,E
B,E
B,E
B,E
B,E
B,E
B,E
B,E
B,E
B,E
B,E
B,E
B,E
A,E
A,E
A,E
A,E
B,E
B,E
B,E
B,E
B,E
B,E
B,E
B,E
B,E
B,E
E,E
E,E
E,E
E,E
E,E
E,E
E,E
E,E
E,E
E,E
E,E
E,E
E,E
E,E
E,E
E,E
E,E
E,E
E,E
E,E
E,E
D,E
B,E
B,E
B,E
B,E
B,E
B,E
E,E
E,E
E,E
E,E
E,E
E,E
E,E
E,E
E,E
E,E
E,E
E,E
E,E
B,E
B,E
D,E
B,E
B,E
B,E
B,E
B,E
B,E
B,E
B,E
B,E
B,E
A,E
A,E
A,E
B,E
B,E
B,E
B,E
B,E
B,E
B,E
B,E
B,E
B,E
B,E
B,E
B,E
B,E
B,E
E,E
E,E
E,E
E,E
E,E
E,E
E,E
E,E
E,E
E,E
E,E
E,E
D,E
D,E
D,E
D,E
B,E
B,E
B,E
B,E
B,E
B,E
B,E
B,E
B,E
B,E
B,E
B,E
B,E
B,E
B,E
B,E
B,E
B,E
B,E
B,E
B,E
B,E
B,E
E,E
E,E
E,E
E,E
E,E
A,E
A,E
A,E
A,E
A,E
A,E
A,E
A,E
A,E
A,E
A,E
A,E
A,E
A,E
A,E
A,E
A,E
A,E
A,E
A,E
B,E
B,E
B,E
B,E
B,E
B,E
B,E
B,E
B,E
B,E
B,E
B,E
B,E
E,E
E,E
E,E
E,E
B,E
B,E
B,E
B,E
E,E
E,E
E,E
E,E
E,E
E,E
E,E
E,E
E,E
E,E
E,E
E,E
A,E
A,E
A,E
A,E
A,E
A,E
A,E
A,E
A,E
A,E
B,E
B,E
B,E
B,E
B,E
B,E
B,E
B,E
B,E
B,E
B,E
B,E
E,E
E,E
E,E
E,E
E,E
E,E
E,E
E,E
E,E
E,E
B,E
B,E
E,E
E,E
E,E
E,E
E,E
E,E
E,E
E,E
E,E
E,E
E,E
E,E
E,E
E,E
E,E
E,E
A,E
A,E
A,E
A,E
A,E
A,E
E,E
D,E
D,E
E,E
D,E
D,E
B,E
B,E
B,E
B,E
B,E
B,E
B,E
B,E
B,E
B,E
B,E
B,E
B,E
B,E
B,E
E,E
E,E
E,E
E,E
E,E
E,E
E,E
E,E
E,E
E,E
E,E
B,E
B,E
B,E
B,E
B,E
E,E
E,E
E,E
E,E
E,E
E,E
E,E
E,E
E,E
E,E
E,E
E,E
E,E
E,E
E,E
E,E
E,E
E,E
E,E
E,E
E,E
E,E
E,E
E,E
E,E
E,E
E,E
E,E
E,E
E,E
E,E
B,E
E,E
B,E
B,E
B,E
B,E
B,E
B,E
B,E
B,E
B,E
B,E
E,E
B,E
B,E
E,E
B,E
B,E
B,E
B,E
B,E
B,E
B,E
B,E
B,E
B,E
B,E
B,E
B,E
B,E
B,E
B,E
B,E
B,E
B,E
B,E
B,E
B,E
B,E
B,E
B,E
B,E
B,E
B,E
B,E
B,E
B,E
B,E
B,E
B,E
B,E
B,E
B,E
B,E
B,E
B,E
B,E
B,E
B,E
B,E
B,E
B,E
B,E
B,E
B,E
B,E
B,E
C,E
C,E
C,E
C,E
C,E
C,E
C,E
C,E
C,E
E,E
E,E
E,E
E,E
E,E
E,E
E,E
E,E
E,E
E,E
E,E
E,E
E,E
E,E
E,E
E,E
E,E
E,E
B,E
C,E
C,E
C,E
C,E
C,E
C,E
C,E
C,E
C,E
C,E
C,E
A,E
A,E
E,E
E,E
E,E
E,E
E,E
E,E
E,E
E,E
E,E
E,E
E,E
E,E
E,E
E,E
E,E
E,E
E,E
E,E
E,E
E,E
E,E
E,E
E,E
E,E
E,E
E,E
E,E
E,E
E,E
B,E
B,E
B,E
B,E
B,E
B,E
B,E
B,E
B,E
B,E
B,E
B,E
C,E
C,E
C,E
C,E
C,E
C,E
C,E
E,E
E,E
E,E
E,E
E,E
E,E
E,E
E,E
E,E
E,E
E,E
E,E
E,E
E,E
E,E
E,E
E,E
E,E
E,E
E,E
E,E
E,E
E,E
E,E
E,E
E,E
B,E
B,E
B,E
B,E
B,E
B,E
B,E
B,E
C,E
C,E
C,E
C,E
C,E
C,E
D,E
D,E
D,E
D,E
D,E
D,E
D,E
D,E
D,E
D,E
D,E
E,E
E,E
E,E
E,E
E,E
E,E
E,E
E,E
E,E
E,E
E,E
E,E
E,E
E,E
E,E
E,E
E,E
E,E
E,E
E,E
E,E
E,E
E,E
E,E
E,E
E,E
E,E
E,E
E,E
E,E
E,E
E,E
D,E
D,E
D,E
D,E
D,E
D,E
D,E
D,E
D,E
D,E
D,E
D,E
D,E
D,E
D,E
D,E
D,E
D,E
D,E
E,E
E,E
E,E
E,E
E,E
E,E
E,E
E,E
E,E
E,E
E,E
E,E
E,E
E,E
E,E
E,E
E,E
E,E
E,E
E,E
E,E
E,E
E,E
E,E
E,E
E,E
E,E
E,E
E,E
E,E
E,E
E,E
E,E
E,E
E,E
E,E
E,E
E,E
E,E
E,E
E,E
E,E
E,E
E,E
E,E
E,E
E,E
E,E
E,E
E,E
E,E
E,E
E,E
E,E
E,E
E,E
E,E
E,E
E,E
E,E
E,E
E,E
E,E
E,E
E,E
E,E
E,E
E,E
E,E
E,E
E,E
E,E
E,E
E,E
E,E
E,E
E,E
E,E
E,E
E,E
E,E
E,E
E,E
E,E
E,E
E,E
E,E
E,E
E,E
E,E
E,E
E,E
E,E
E,E
E,E
E,E
E,E
E,E
E,E
E,E
E,E
E,E
E,E
E,E
E,E
E,E
E,E
E,E
E,E
E,E
E,E
E,E
E,E
E,E
E,E
E,E
E,E
E,E
E,E
E,E
E,E
E,E
E,E
E,E
E,E
E,E
E,E
E,E
E,E
E,E
E,E
E,E
E,E
E,E
E,E
E,E
E,E
E,E
E,E
E,E
E,E
E,E
E,E
E,E
E,E
E,E
E,E
E,E
E,E
E,E
E,E
E,E
E,E
E,E
E,E
E,E
E,E
E,E
E,E
E,E
E,E
E,E
E,E
E,E
E,E
E,E
E,E
E,E
E,E
E,E
E,E
E,E
E,E
E,E
E,E
E,E
E,E
E,E
D,E
D,E
D,E
B,E
B,E
A,E
A,E
A,E
A,E
A,E
A,E
A,E
A,E
A,E
A,E
A,E
A,E
A,E
E,E
E,E
E,E
E,E
E,E
E,E
E,E
E,E
E,E
E,E
E,E
E,E
E,E
E,E
E,E
E,E
E,E
E,E
E,E
E,E
E,E
E,E
E,E
E,E
E,E
E,E
E,E
E,E
E,E
E,E
E,E
E,E
E,E
E,E
E,E
E,E
E,E
E,E
E,E
E,E
E,E
E,E
E,E
E,E
E,E
E,E
E,E
D,E
D,E
D,E
B,E
B,E
B,E
B,E
B,E
B,E
B,E
E,E
E,E
E,E
E,E
E,E
E,E
E,E
E,E
E,E
E,E
E,E
E,E
E,E
E,E
E,E
E,E
E,E
E,E
E,E
E,E
E,E
E,E
E,E
E,E
E,E
E,E
E,E
E,E
E,E
E,E
E,E
E,E
E,E
E,E
E,E
E,E
E,E
E,E
E,E
E,E
E,E
E,E
E,E
E,E
E,E
E,E
E,E
E,E
E,E
E,E
E,E
E,E
E,E
E,E
E,E
E,E
E,E
E,E
D,E
D,E
D,E
D,E
D,E
D,E
D,E
D,E
B,E
B,E
E,E
E,E
E,E
E,E
E,E
E,E
E,E
E,E
E,E
E,E
E,E
E,E
E,E
E,E
E,E
E,E
E,E
E,E
E,E
E,E
E,E
E,E
E,E
E,E
E,E
E,E
E,E
E,E
E,E
E,E
E,E
E,E
E,E
E,E
E,E
E,E
E,E
E,E
E,E
E,E
E,E
E,E
E,E
E,E
E,E
E,E
E,E
E,E
E,E
D,E
D,E
D,E
D,E
D,E
D,E
D,E
D,E
D,E
D,E
D,E
D,E
E,E
E,E
E,E
E,E
E,E
E,E
E,E
E,E
E,E
E,E
E,E
E,E
E,E
E,E
E,E
E,E
E,E
E,E
E,E
E,E
E,E
E,E
E,E
E,E
E,E
E,E
E,E
E,E
E,E
E,E
E,E
E,E
E,E
E,E
E,E
E,E
E,E
D,E
D,E
D,E
D,E
E,E
E,E
E,E
E,E
E,E
E,E
E,E
E,E
E,E
E,E
E,E
E,E
E,E
E,E
E,E
E,E
E,E
E,E
E,E
E,E
E,E
E,E
E,E
E,E
E,E
E,E
E,E
E,E
E,E
E,E
E,E
E,E
E,E
E,E
E,E
E,E
E,E
E,E
E,E
E,E
E,E
E,E
E,E
E,E
E,E
E,E
E,E
E,E
E,E
E,E
E,E
E,E
E,E
E,E
E,E
E,E
E,E
E,E
E,E
E,E
E,E
E,E
E,E
E,E
E,E
E,E
E,E
E,E
E,E
E,E
E,E
E,E
E,E
E,E
E,E
E,E
E,E
E,E
E,E
E,E
E,E
E,E
E,E
E,E
E,E
E,E
E,E
E,E
E,E
E,E
E,E
E,E
E,E
E,E
E,E
E,E
E,E
E,E
E,E
E,E
E,E
E,E
E,E
E,E
E,E
E,E
B,E
B,E
D,E
D,E
D,E
D,E
D,E
D,E
D,E
D,E
D,E
D,E
D,E
D,E
D,E
D,E
D,E
E,E
E,E
E,E
E,E
E,E
E,E
E,E
E,E
E,E
E,E
E,E
E,E
E,E
E,E
E,E
E,E
E,E
E,E
E,E
E,E
E,E
E,E
E,E
E,E
E,E
E,E
E,E
E,E
E,E
E,E
E,E
E,E
E,E
E,E
E,E
E,E
E,E
E,E
E,E
E,E
E,E
E,E
E,E
E,E
E,E
E,E
E,E
E,E
E,E
E,E
E,E
E,E
A,E
A,E
A,E
A,E
A,E
A,E
A,E
A,E
A,E
A,E
A,E
A,E
A,E
A,E
A,E
A,E
A,E
A,E
A,E
A,E
A,E
A,E
A,E
A,E
A,E
A,E
A,E
A,E
A,E
A,E
D,E
D,E
D,E
D,E
D,E
D,E
D,E
D,E
D,E
D,E
D,E
A,E
A,E
A,E
A,E
A,E
A,E
A,E
A,E
A,E
A,E
A,E
A,E
A,E
A,E
A,E
A,E
A,E
D,E
D,E
D,E
D,E
D,E
D,E
D,E
D,E
D,E
D,E
D,E
D,E
D,E
D,E
D,E
D,E
D,E
D,E
D,E
D,E
D,E
D,E
D,E
D,E
D,E
D,E
D,E
D,E
D,E
D,E
D,E
D,E
D,E
D,E
D,E
D,E
D,E
D,E
D,E
D,E
D,E
D,E
D,E
D,E
D,E
D,E
C,E
C,E
C,E
D,E
D,E
D,E
D,E
D,E
D,E
D,E
D,E
D,E
C,E
C,E
D,E
D,E
D,E
D,E
D,E
C,E
C,E
C,E
C,E
C,E
C,E
C,E
C,E
C,E
C,E
D,E
D,E
D,E
D,E
D,E
D,E
D,E
D,E
D,E
B,E
B,E
B,E
B,E
B,E
B,E
B,E
E,E
E,E
E,E
E,E
E,E
D,E
D,E
D,E
D,E
D,E
D,E
D,E
E,E
C,E
C,E
C,E
C,E
C,E
C,E
C,E
C,E
C,E
C,E
C,E
C,E
C,E
C,E
C,E
D,E
E,E
E,E
E,E
E,E
E,E
E,E
E,E
E,E
E,E
E,E
E,E
E,E
E,E
D,E
D,E
D,E
D,E
E,E
E,E
E,E
E,E
E,E
E,E
C,E
C,E
C,E
C,E
C,E
C,E
C,E
C,E
C,E
C,E
C,E
C,E
C,E
D,E
D,E
D,E
E,E
E,E
E,E
D,E
D,E
D,E
D,E
D,E
D,E
D,E
D,E
D,E
D,E
D,E
D,E
D,E
D,E
D,E
D,E
D,E
D,E
D,E
D,E
D,E
E,E
C,E
C,E
C,E
C,E
C,E
C,E
D,E
D,E
D,E
D,E
D,E
D,E
D,E
D,E
D,E
C,E
C,E
E,E
E,E
E,E
E,E
E,E
E,E
E,E
E,E
E,E
E,E
E,E
E,E
E,E
E,E
E,E
E,E
E,E
E,E
E,E
E,E
E,E
E,E
E,E
E,E
E,E
E,E
C,E
C,E
C,E
C,E
C,E
C,E
C,E
C,E
C,E
C,E
C,E
E,E
E,E
E,E
E,E
E,E
E,E
E,E
E,E
E,E
E,E
E,E
E,E
E,E
E,E
E,E
E,E
E,E
E,E
E,E
E,E
E,E
E,E
E,E
E,E
E,E
E,E
E,E
E,E
E,E
E,E
E,E
E,E
E,E
E,E
E,E
E,E
E,E
E,E
E,E
E,E
C,E
C,E
C,E
C,E
C,E
C,E
C,E
C,E
C,E
C,E
C,E
C,E
C,E
E,E
E,E
E,E
E,E
E,E
E,E
E,E
E,E
E,E
E,E
E,E
E,E
E,E
E,E
E,E
E,E
E,E
E,E
E,E
E,E
E,E
E,E
E,E
E,E
E,E
E,E
E,E
E,E
E,E
E,E
E,E
E,E
D,E
D,E
D,E
D,E
D,E
D,E
D,E
D,E
D,E
D,E
D,E
D,E
D,E
D,E
D,E
D,E
D,E
D,E
D,E
D,E
D,E
D,E
D,E
D,E
D,E
D,E
D,E
D,E
D,E
D,E
D,E
D,E
D,E
D,E
D,E
D,E
D,E
D,E
D,E
D,E
D,E
D,E
D,E
D,E
D,E
D,E
D,E
D,E
D,E
D,E
D,E
D,E
D,E
D,E
D,E
D,E
D,E
D,E
D,E
D,E
D,E
D,E
D,E
D,E
D,E
D,E
D,E
D,E
D,E
D,E
D,E
D,E
D,E
D,E
D,E
D,E
D,E
D,E
D,E
D,E
D,E
D,E
D,E
D,E
D,E
D,E
D,E
D,E
D,E
D,E
D,E
D,E
D,E
D,E
D,E
D,E
D,E
D,E
D,E
D,E
D,E
D,E
D,E
D,E
D,E
D,E
D,E
D,E
D,E
D,E
E,E
E,E
E,E
E,E
E,E
E,E
E,E
E,E
E,E
E,E
E,E
E,E
E,E
E,E
E,E
E,E
E,E
E,E
E,E
E,E
E,E
D,E
D,E
D,E
D,E
D,E
D,E
D,E
D,E
D,E
E,E
E,E
E,E
E,E
E,E
E,E
E,E
E,E
E,E
E,E
E,E
E,E
E,E
E,E
E,E
E,E
E,E
E,E
E,E
E,E
E,E
E,E
E,E
E,E
E,E
E,E
E,E
E,E
D,E
D,E
D,E
D,E
D,E
D,E
D,E
D,E
D,E
D,E
D,E
E,E
D,E
E,E
E,E
E,E
E,E
E,E
E,E
E,E
E,E
C,E
C,E
C,E
C,E
C,E
C,E
C,E
C,E
C,E
C,E
C,E
C,E
C,E
C,E
C,E
C,E
C,E
C,E
C,E
C,E
C,E
C,E
C,E
C,E
D,E
C,E
C,E
C,E
C,E
C,E
C,E
C,E
C,E
C,E
C,E
C,E
E,E
E,E
E,E
E,E
E,E
E,E
E,E
E,E
E,E
E,E
E,E
E,E
E,E
B,E
B,E
B,E
B,E
E,E
E,E
E,E
C,E
C,E
C,E
C,E
C,E
C,E
C,E
C,E
C,E
C,E
C,E
C,E
C,E
E,E
E,E
E,E
E,E
E,E
E,E
E,E
E,E
E,E
E,E
E,E
E,E
E,E
E,E
B,E
B,E
B,E
B,E
B,E
B,E
B,E
C,E
C,E
C,E
C,E
C,E
C,E
B,E
B,E
B,E
B,E
B,E
E,E
E,E
E,E
E,E
E,E
E,E
E,E
E,E
E,E
E,E
E,E
E,E
E,E
E,E
E,E
E,E
E,E
E,E
E,E
E,E
E,E
E,E
E,E
E,E
E,E
E,E
E,E
E,E
E,E
D,E
D,E
D,E
C,E
C,E
C,E
C,E
C,E
C,E
C,E
C,E
D,E
D,E
B,E
B,E
B,E
B,E
B,E
E,E
E,E
E,E
E,E
E,E
E,E
E,E
E,E
E,E
E,E
E,E
E,E
E,E
E,E
E,E
E,E
E,E
E,E
E,E
E,E
E,E
E,E
E,E
E,E
D,E
D,E
D,E
C,E
C,E
C,E
C,E
B,E
D,E
B,E
B,E
B,E
B,E
B,E
E,E
E,E
E,E
E,E
E,E
E,E
E,E
E,E
E,E
B,E
E,E
E,E
E,E
E,E
E,E
E,E
E,E
E,E
E,E
B,E
B,E
E,E
E,E
E,E
E,E
E,E
E,E
E,E
E,E
E,E
C,E
C,E
C,E
C,E
C,E
B,E
D,E
B,E
B,E
B,E
E,E
E,E
E,E
E,E
E,E
E,E
E,E
B,E
B,E
B,E
B,E
E,E
E,E
E,E
E,E
E,E
E,E
E,E
E,E
E,E
E,E
E,E
E,E
E,E
E,E
E,E
E,E
E,E
E,E
E,E
E,E
E,E
E,E
E,E
E,E
E,E
E,E
E,E
E,E
E,E
E,E
E,E
E,E
E,E
C,E
C,E
C,E
C,E
C,E
B,E
B,E
B,E
B,E
B,E
B,E
B,E
B,E
B,E
B,E
B,E
B,E
B,E
B,E
E,E
E,E
E,E
A,E
A,E
A,E
A,E
A,E
A,E
B,E
B,E
B,E
B,E
E,E
E,E
E,E
E,E
E,E
E,E
E,E
E,E
E,E
E,E
E,E
E,E
E,E
E,E
E,E
E,E
E,E
E,E
E,E
E,E
E,E
E,E
E,E
E,E
E,E
E,E
E,E
E,E
E,E
E,E
E,E
E,E
E,E
E,E
E,E
E,E
E,E
E,E
E,E
E,E
E,E
E,E
E,E
E,E
E,E
E,E
E,E
E,E
E,E
E,E
E,E
E,E
E,E
E,E
E,E
E,E
E,E
E,E
E,E
E,E
E,E
E,E
E,E
E,E
E,E
E,E
E,E
E,E
E,E
E,E
E,E
E,E
E,E
E,E
E,E
E,E
E,E
E,E
E,E
E,E
E,E
E,E
E,E
E,E
E,E
E,E
E,E
E,E
E,E
E,E
E,E
E,E
E,E
E,E
E,E
E,E
E,E
E,E
E,E
E,E
E,E
E,E
E,E
E,E
E,E
E,E
E,E
E,E
E,E
E,E
E,E
E,E
E,E
E,E
E,E
E,E
E,E
E,E
E,E
E,E
E,E
E,E
E,E
E,E
E,E
E,E
E,E
E,E
E,E
E,E
E,E
E,E
E,E
E,E
E,E
E,E
E,E
E,E
E,E
E,E
E,E
E,E
E,E
E,E
E,E
E,E
E,E
E,E
E,E
E,E
E,E
E,E
E,E
E,E
E,E
E,E
E,E
E,E
E,E
E,E
E,E
E,E
E,E
E,E
E,E
E,E
E,E
E,E
E,E
E,E
E,E
E,E
E,E
E,E
E,E
E,E
E,E
E,E
E,E
E,E
E,E
E,E
E,E
E,E
E,E
E,E
E,E
E,E
E,E
E,E
E,E
E,E
E,E
E,E
E,E
E,E
E,E
E,E
E,E
E,E
E,E
E,E
E,E
E,E
E,E
E,E
E,E
E,E
E,E
E,E
E,E
E,E
E,E
E,E
E,E
E,E
E,E
E,E
E,E
E,E
E,E
E,E
E,E
E,E
E,E
E,E
E,E
E,E
E,E
E,E
E,E
E,E
E,E
E,E
E,E
E,E
E,E
E,E
E,E
E,E
E,E
E,E
E,E
E,E
E,E
E,E
E,E
E,E
E,E
E,E
E,E
E,E
E,E
E,E
E,E
E,E
E,E
E,E
E,E
E,E
E,E
E,E
E,E
E,E
E,E
E,E
E,E
E,E
E,E
E,E
E,E
E,E
E,E
E,E
E,E
E,E
E,E
E,E
E,E
E,E
E,E
E,E
E,E
E,E
E,E
E,E
E,E
E,E
E,E
E,E
E,E
E,E
E,E
E,E
E,E
E,E
E,E
E,E
E,E
E,E
E,E
E,E
E,E
E,E
E,E
E,E
E,E
E,E
E,E
E,E
E,E
E,E
E,E
E,E
E,E
E,E
E,E
E,E
E,E
E,E
E,E
E,E
E,E
E,E
E,E
E,E
E,E
E,E
E,E
E,E
E,E
E,E
E,E
E,E
E,E
E,E
E,E
E,E
E,E
E,E
E,E
E,E
E,E
E,E
E,E
E,E
E,E
E,E
E,E
E,E
E,E
E,E
E,E
E,E
E,E
E,E
E,E
E,E
E,E
E,E
E,E
E,E
E,E
E,E
E,E
E,E
E,E
E,E
E,E
E,E
E,E
E,E
E,E
E,E
E,E
E,E
E,E
E,E
E,E
E,E
E,E
E,E
E,E
E,E
E,E
E,E
E,E
E,E
E,E
E,E
E,E
E,E
E,E
E,E
E,E
E,E
E,E
E,E
E,E
E,E
E,E
E,E
E,E
E,E
E,E
E,E
E,E
E,E
E,E
E,E
E,E
E,E
E,E
E,E
E,E
E,E
E,E
E,E
E,E
E,E
E,E
E,E
E,E
E,E
E,E
E,E
E,E
E,E
E,E
E,E
E,E
E,E
E,E
E,E
E,E
E,E
E,E
E,E
E,E
E,E
E,E
E,E
E,E
E,E
E,E
E,E
E,E
E,E
E,E
E,E
E,E
E,E
E,E
E,E
E,E
E,E
E,E
E,E
E,E
E,E
E,E
E,E
E,E
E,E
E,E
E,E
E,E
E,E
E,E
E,E
E,E
E,E
E,E
E,E
E,E
E,E
E,E
E,E
E,E
E,E
E,E
E,E
E,E
E,E
E,E
E,E
E,E
E,E
E,E
E,E
E,E
E,E
E,E
E,E
E,E
E,E
E,E
E,E
E,E
E,E
E,E
E,E
E,E
E,E
E,E
E,E
E,E
E,E
E,E
E,E
E,E
E,E
C,E
C,E
C,E
C,E
C,E
C,E
C,E
C,E
E,E
E,E
E,E
E,E
E,E
E,E
E,E
E,E
E,E
E,E
E,E
E,E
E,E
E,E
E,E
E,E
E,E
E,E
E,E
E,E
E,E
E,E
E,E
E,E
E,E
E,E
E,E
E,E
E,E
E,E
E,E
E,E
E,E
E,E
E,E
E,E
E,E
E,E
E,E
E,E
E,E
E,E
E,E
E,E
E,E
E,E
E,E
E,E
E,E
E,E
E,E
E,E
E,E
E,E
E,E
E,E
E,E
E,E
E,E
E,E
E,E
E,E
E,E
E,E
E,E
E,E
E,E
E,E
E,E
E,E
E,E
E,E
E,E
E,E
E,E
E,E
E,E
E,E
E,E
E,E
E,E
E,E
E,E
E,E
E,E
E,E
E,E
E,E
E,E
E,E
E,E
E,E
C,E
C,E
C,E
C,E
C,E
C,E
C,E
C,E
C,E
C,E
C,E
E,E
E,E
E,E
E,E
E,E
E,E
E,E
E,E
E,E
E,E
E,E
C,E
C,E
E,E
E,E
E,E
E,E
E,E
E,E
E,E
E,E
E,E
E,E
E,E
E,E
E,E
E,E
E,E
E,E
E,E
E,E
E,E
E,E
E,E
E,E
E,E
E,E
E,E
E,E
E,E
E,E
E,E
E,E
E,E
E,E
E,E
E,E
E,E
E,E
E,E
E,E
E,E
E,E
E,E
E,E
E,E
E,E
E,E
E,E
E,E
E,E
E,E
E,E
E,E
E,E
E,E
E,E
E,E
E,E
E,E
E,E
E,E
E,E
E,E
E,E
E,E
E,E
E,E
E,E
E,E
E,E
E,E
E,E
E,E
E,E
E,E
E,E
E,E
E,E
E,E
E,E
E,E
E,E
E,E
E,E
E,E
E,E
E,E
E,E
E,E
E,E
E,E
E,E
E,E
E,E
E,E
E,E
E,E
E,E
E,E
E,E
E,E
E,E
E,E
E,E
E,E
E,E
E,E
E,E
E,E
E,E
E,E
E,E
E,E
E,E
E,E
C,E
C,E
C,E
C,E
C,E
C,E
C,E
C,E
C,E
C,E
C,E
C,E
C,E
C,E
C,E
C,E
C,E
C,E
B,E
C,E
B,E
C,E
C,E
B,E
E,E
E,E
E,E
E,E
C,E
C,E
C,E
E,E
E,E
E,E
E,E
E,E
C,E
C,E
E,E
E,E
E,E
C,E
B,E
E,E
E,E
E,E
E,E
E,E
E,E
E,E
E,E
E,E
E,E
E,E
E,E
E,E
E,E
E,E
E,E
E,E
E,E
E,E
E,E
E,E
E,E
E,E
C,E
C,E
C,E
C,E
C,E
C,E
C,E
C,E
C,E
C,E
C,E
B,E
B,E
B,E
B,E
B,E
E,E
E,E
E,E
E,E
E,E
E,E
E,E
E,E
E,E
E,E
E,E
E,E
E,E
E,E
E,E
B,E
E,E
E,E
E,E
E,E
E,E
E,E
E,E
E,E
E,E
E,E
D,E
D,E
C,E
C,E
C,E
B,E
B,E
E,E
E,E
E,E
B,E
B,E
E,E
E,E
E,E
E,E
E,E
E,E
E,E
E,E
E,E
E,E
E,E
E,E
E,E
E,E
C,E
C,E
D,E
D,E
B,E
B,E
B,E
E,E
E,E
E,E
E,E
E,E
E,E
E,E
E,E
E,E
E,E
E,E
E,E
E,E
E,E
E,E
E,E
E,E
E,E
E,E
E,E
E,E
E,E
E,E
E,E
E,E
E,E
E,E
E,E
E,E
D,E
D,E
D,E
D,E
D,E
D,E
D,E
D,E
D,E
D,E
D,E
D,E
D,E
D,E
D,E
D,E
D,E
D,E
D,E
D,E
D,E
D,E
E,E
E,E
E,E
E,E
E,E
E,E
E,E
E,E
E,E
E,E
E,E
B,E
C,E
C,E
C,E
C,E
C,E
C,E
C,E
C,E
E,E
E,E
E,E
E,E
C,E
C,E
C,E
D,E
D,E
D,E
D,E
D,E
D,E
D,E
D,E
D,E
D,E
D,E
D,E
D,E
D,E
D,E
D,E
D,E
D,E
D,E
D,E
D,E
D,E
D,E
E,E
E,E
E,E
E,E
E,E
E,E
E,E
E,E
E,E
E,E
E,E
E,E
E,E
E,E
E,E
E,E
E,E
E,E
E,E
E,E
E,E
E,E
E,E
E,E
E,E
E,E
E,E
E,E
E,E
E,E
E,E
E,E
E,E
E,E
E,E
E,E
E,E
E,E
E,E
E,E
E,E
E,E
E,E
E,E
E,E
E,E
E,E
E,E
E,E
E,E
E,E
E,E
E,E
E,E
E,E
E,E
E,E
E,E
E,E
E,E
E,E
E,E
E,E
E,E
E,E
E,E
C,E
B,E
B,E
C,E
C,E
C,E
C,E
C,E
C,E
E,E
E,E
E,E
E,E
E,E
E,E
E,E
E,E
E,E
E,E
E,E
E,E
E,E
E,E
E,E
E,E
E,E
E,E
E,E
E,E
E,E
E,E
E,E
E,E
E,E
E,E
C,E
C,E
C,E
E,E
E,E
E,E
E,E
E,E
E,E
E,E
E,E
E,E
E,E
E,E
E,E
E,E
E,E
E,E
E,E
E,E
E,E
E,E
E,E
E,E
C,E
C,E
C,E
C,E
C,E
C,E
C,E
C,E
C,E
E,E
E,E
E,E
E,E
B,E
E,E
E,E
E,E
E,E
E,E
E,E
E,E
E,E
E,E
E,E
E,E
E,E
E,E
E,E
E,E
E,E
E,E
E,E
E,E
E,E
E,E
E,E
D,E
D,E
D,E
D,E
D,E
D,E
D,E
D,E
D,E
C,E
C,E
C,E
C,E
C,E
C,E
D,E
E,E
E,E
E,E
B,E
B,E
B,E
E,E
E,E
E,E
E,E
E,E
E,E
E,E
E,E
E,E
E,E
E,E
E,E
E,E
E,E
D,E
E,E
E,E
E,E
D,E
D,E
C,E
C,E
C,E
C,E
B,E
B,E
B,E
B,E
D,E
D,E
B,E
D,E
D,E
D,E
D,E
D,E
D,E
D,E
D,E
B,E
B,E
B,E
B,E
B,E
B,E
B,E
B,E
B,E
B,E
B,E
B,E
B,E
B,E
B,E
B,E
E,E
E,E
E,E
E,E
E,E
E,E
E,E
E,E
E,E
E,E
E,E
E,E
E,E
E,E
